Año de recolección;__modified;__owner;fuente;servicios;superficie;pais;ciudad;v_suelo;_nomciudad;dist_cdad
2019;2019-12-01;189513;Oferta publicada;Agua y luz;Hasta 500 m2;BOLIVIA;COCHABAMBA;20;SAN BENITO;545,5695808
2019;2019-12-01;189513;Oferta publicada;Agua y luz;Hasta 500 m2;BOLIVIA;COCHABAMBA;20;SAN BENITO;416,9693872
2019;2019-12-01;189513;Oferta publicada;Agua y luz;Hasta 500 m2;BOLIVIA;COCHABAMBA;35;SAN BENITO;842,7775878
2019;2019-12-01;189513;Oferta publicada;Agua y luz;Hasta 500 m2;BOLIVIA;COCHABAMBA;15;SAN BENITO;1350,05448
2019;2019-12-01;189513;Oferta publicada;Agua y luz;Hasta 500 m2;BOLIVIA;COCHABAMBA;55;SAN BENITO;885,9872114
2019;2019-12-01;189513;Oferta publicada;Agua y luz;Hasta 500 m2;BOLIVIA;COCHABAMBA;83;SAN BENITO;1178,881491
2019;2019-12-01;189513;Oferta publicada;Agua y luz;De 500 a 2.000 m2;BOLIVIA;COCHABAMBA;15;SAN BENITO;87,64418636
2019;2019-12-01;189513;Oferta publicada;Agua y luz;De 500 a 2.000 m2;BOLIVIA;COCHABAMBA;75;SAN BENITO;498,3090508
2019;2019-12-01;189513;Oferta publicada;Agua y luz;Hasta 500 m2;BOLIVIA;COCHABAMBA;75;SAN BENITO;1481,497879
2019;2019-12-01;189513;Oferta publicada;Agua y luz;Hasta 500 m2;BOLIVIA;COCHABAMBA;15;SAN BENITO;847,4881293
2019;2019-12-01;189513;Oferta publicada;Agua y luz;Hasta 500 m2;BOLIVIA;COCHABAMBA;65;SAN BENITO;1689,732031
2019;2019-12-01;189513;Oferta publicada;Agua y luz;De 500 a 2.000 m2;BOLIVIA;COCHABAMBA;20;SAN BENITO;272,0150943
2019;2019-12-01;189513;Oferta publicada;Agua y luz;Hasta 500 m2;BOLIVIA;COCHABAMBA;90;SAN BENITO;738,2023934
2019;2019-12-01;189513;Oferta publicada;Agua y luz;Hasta 500 m2;BOLIVIA;COCHABAMBA;70;SAN BENITO;860,3078943
2019;2019-12-01;189513;Oferta publicada;Agua y luz;De 500 a 2.000 m2;BOLIVIA;COCHABAMBA;50;SAN BENITO;631,3757461
2019;2019-12-01;189513;Oferta publicada;Agua y luz;Hasta 500 m2;BOLIVIA;COCHABAMBA;50;SAN BENITO;305,2745297
2019;2019-12-01;189513;Oferta publicada;Agua y luz;De 500 a 2.000 m2;BOLIVIA;COCHABAMBA;76;SAN BENITO;522,6864509
2019;2019-12-01;189513;Oferta publicada;Agua y luz;De 500 a 2.000 m2;BOLIVIA;COCHABAMBA;20;SAN BENITO;676,0059672
2019;2019-12-01;189513;Oferta publicada;Agua y luz;Hasta 500 m2;BOLIVIA;COCHABAMBA;18;SAN BENITO;711,8302902
2019;2019-12-01;189513;Oferta publicada;Agua y luz;De 500 a 2.000 m2;BOLIVIA;COCHABAMBA;110;SAN BENITO;830,5563088
2019;2019-12-01;189513;Oferta publicada;Agua y luz;De 500 a 2.000 m2;BOLIVIA;COCHABAMBA;65;SAN BENITO;1324,146164
2019;2019-12-01;189513;Oferta publicada;Agua y luz;Hasta 500 m2;BOLIVIA;COCHABAMBA;32;SAN BENITO;878,3770699
2019;2019-12-01;189513;Oferta publicada;Agua y luz;De 500 a 2.000 m2;BOLIVIA;COCHABAMBA;28;SAN BENITO;1083,619859
2019;2019-12-01;189513;Oferta publicada;Agua y luz;De 500 a 2.000 m2;BOLIVIA;COCHABAMBA;20;SAN BENITO;1003,370848
2019;2019-12-01;189513;Oferta publicada;Agua y luz;De 500 a 2.000 m2;BOLIVIA;COCHABAMBA;120;SAN BENITO;1557,220603
2019;2019-12-01;189513;Oferta publicada;Agua y luz;De 500 a 2.000 m2;BOLIVIA;COCHABAMBA;95;SAN BENITO;773,0116809
2019;2019-12-01;189513;Oferta publicada;Agua y luz;Hasta 500 m2;BOLIVIA;COCHABAMBA;31;SAN BENITO;337,5060316
2019;2019-12-01;189513;Oferta publicada;Agua y luz;De 500 a 2.000 m2;BOLIVIA;COCHABAMBA;37;SAN BENITO;1047,591449
2019;2019-12-01;189513;Oferta publicada;Agua y luz;De 500 a 2.000 m2;BOLIVIA;COCHABAMBA;35;SAN BENITO;1493,35859
2019;2019-12-01;189513;Oferta publicada;Agua y luz;Hasta 500 m2;BOLIVIA;COCHABAMBA;15;SAN BENITO;994,912706
2019;2019-12-01;189513;Oferta publicada;Agua, luz y pavimento;Hasta 500 m2;BOLIVIA;COCHABAMBA;300;QUILLACOLLO;1015,108637
2019;2019-12-01;189513;Tercero informante;Agua, luz y pavimento;Hasta 500 m2;BOLIVIA;COCHABAMBA;668;QUILLACOLLO;269,9396327
2019;2019-12-01;189513;Oferta publicada;Agua, luz y pavimento;Hasta 500 m2;BOLIVIA;COCHABAMBA;298;QUILLACOLLO;980,9687394
2019;2019-12-01;189513;Oferta publicada;Agua, luz y pavimento;Hasta 500 m2;BOLIVIA;COCHABAMBA;255;QUILLACOLLO;760,3121943
2019;2019-12-01;189513;Oferta publicada;Agua, luz y pavimento;De 500 a 2.000 m2;BOLIVIA;COCHABAMBA;255;QUILLACOLLO;609,4487264
2019;2019-12-01;189513;Oferta publicada;Agua, luz y pavimento;De 500 a 2.000 m2;BOLIVIA;COCHABAMBA;342;QUILLACOLLO;930,2330313
2019;2019-12-01;189513;Oferta publicada;Agua, luz y pavimento;De 500 a 2.000 m2;BOLIVIA;COCHABAMBA;190;QUILLACOLLO;857,1105226
2019;2019-12-01;189513;Oferta publicada;Agua, luz y pavimento;Hasta 500 m2;BOLIVIA;COCHABAMBA;243;QUILLACOLLO;1010,69061
2019;2019-12-01;189513;Oferta publicada;Agua y luz;De 500 a 2.000 m2;BOLIVIA;COCHABAMBA;198;QUILLACOLLO;1226,425916
2019;2019-12-01;189513;Tercero informante;Agua, luz y pavimento;Hasta 500 m2;BOLIVIA;COCHABAMBA;353;QUILLACOLLO;1393,796914
2019;2019-12-01;189513;Tercero informante;Agua, luz y pavimento;De 500 a 2.000 m2;BOLIVIA;COCHABAMBA;161;COLCAPIRHUA;1385,657118
2019;2019-12-01;189513;Oferta publicada;Agua y luz;De 500 a 2.000 m2;BOLIVIA;COCHABAMBA;222;COLCAPIRHUA;2207,904028
2019;2019-12-01;189513;Oferta publicada;Agua, luz y pavimento;Hasta 500 m2;BOLIVIA;COCHABAMBA;200;QUILLACOLLO;829,1720141
2019;2019-12-01;189513;Tercero informante;Agua y luz;Hasta 500 m2;BOLIVIA;COCHABAMBA;230;QUILLACOLLO;1842,949388
2019;2019-12-01;189513;Oferta publicada;Agua y luz;Hasta 500 m2;BOLIVIA;COCHABAMBA;248;QUILLACOLLO;2041,393566
2019;2019-12-01;189513;Tercero informante;Agua, luz y pavimento;Hasta 500 m2;BOLIVIA;COCHABAMBA;150;COLCAPIRHUA;1444,442723
2019;2019-12-01;189513;Tercero informante;Agua, luz y pavimento;De 500 a 2.000 m2;BOLIVIA;COCHABAMBA;250;QUILLACOLLO;667,5419183
2019;2019-12-01;189513;Tercero informante;Agua, luz y pavimento;Hasta 500 m2;BOLIVIA;COCHABAMBA;163;QUILLACOLLO;680,676487
2019;2019-12-01;189513;Tercero informante;Agua, luz y pavimento;Hasta 500 m2;BOLIVIA;COCHABAMBA;294;QUILLACOLLO;775,4809172
2019;2019-12-01;189513;Oferta publicada;Agua, luz y pavimento;Hasta 500 m2;BOLIVIA;COCHABAMBA;163;QUILLACOLLO;1148,724788
2019;2019-12-01;189513;Oferta publicada;Agua, luz y pavimento;De 500 a 2.000 m2;BOLIVIA;COCHABAMBA;132;QUILLACOLLO;1272,843612
2019;2019-12-01;189513;Oferta publicada;Agua, luz y pavimento;Hasta 500 m2;BOLIVIA;COCHABAMBA;219;COLCAPIRHUA;1048,234617
2019;2019-12-01;189513;Oferta publicada;Agua, luz y pavimento;Hasta 500 m2;BOLIVIA;COCHABAMBA;631;QUILLACOLLO;773,9423567
2019;2019-12-01;189513;Tercero informante;Agua y luz;De 500 a 2.000 m2;BOLIVIA;COCHABAMBA;390;QUILLACOLLO;1000,112235
2019;2019-12-01;189513;Tercero informante;Agua, luz y pavimento;Hasta 500 m2;BOLIVIA;COCHABAMBA;283;QUILLACOLLO;953,9423458
2019;2019-12-01;189513;Oferta informada por oferente;Agua y luz;Hasta 500 m2;BOLIVIA;COCHABAMBA;112;COCHABAMBA;8033,474834
2019;2019-12-01;189513;Oferta informada por oferente;Agua y luz;Hasta 500 m2;BOLIVIA;COCHABAMBA;87;COCHABAMBA;8037,614024
2019;2019-12-01;189513;Oferta informada por oferente;Agua y luz;Hasta 500 m2;BOLIVIA;COCHABAMBA;100;COCHABAMBA;7934,169013
2019;2019-12-01;189513;Oferta informada por oferente;Agua y luz;Hasta 500 m2;BOLIVIA;COCHABAMBA;100;COCHABAMBA;7940,223568
2019;2019-12-01;189513;Oferta publicada;Agua y luz;Hasta 500 m2;BOLIVIA;COCHABAMBA;76;COCHABAMBA;7912,448724
2019;2019-12-01;189513;Oferta publicada;Agua y luz;Hasta 500 m2;BOLIVIA;COCHABAMBA;85;COCHABAMBA;8174,202687
2019;2019-12-01;189513;Oferta publicada;Agua y luz;Hasta 500 m2;BOLIVIA;COCHABAMBA;84;COCHABAMBA;8273,484395
2019;2019-12-01;189513;Oferta publicada;Agua y luz;Hasta 500 m2;BOLIVIA;COCHABAMBA;84;COCHABAMBA;8261,499898
2019;2019-12-01;189513;Oferta publicada;Agua y luz;Hasta 500 m2;BOLIVIA;COCHABAMBA;90;COCHABAMBA;8376,871172
2019;2019-12-01;189513;Oferta publicada;Agua y luz;Hasta 500 m2;BOLIVIA;COCHABAMBA;113;COCHABAMBA;8449,537287
2019;2019-12-01;189513;Oferta informada por oferente;Agua y luz;Hasta 500 m2;BOLIVIA;COCHABAMBA;72;COCHABAMBA;7677,161902
2019;2019-12-01;189513;Oferta informada por oferente;Agua y luz;Hasta 500 m2;BOLIVIA;COCHABAMBA;96;COCHABAMBA;7498,977652
2019;2019-12-01;189513;Oferta publicada;Agua y luz;Hasta 500 m2;BOLIVIA;COCHABAMBA;88;COCHABAMBA;8043,233497
2019;2019-12-01;189513;Oferta publicada;Agua y luz;Hasta 500 m2;BOLIVIA;COCHABAMBA;76;COCHABAMBA;8221,475551
2019;2019-12-01;189513;Oferta publicada;Agua y luz;Hasta 500 m2;BOLIVIA;COCHABAMBA;70;COCHABAMBA;8226,55724
2019;2019-12-01;189513;Oferta publicada;Agua y luz;Hasta 500 m2;BOLIVIA;COCHABAMBA;70;COCHABAMBA;8218,191759
2019;2019-12-01;189513;Oferta publicada;Agua y luz;Hasta 500 m2;BOLIVIA;COCHABAMBA;82;COCHABAMBA;8186,576542
2019;2019-12-01;189513;Oferta publicada;Agua y luz;Hasta 500 m2;BOLIVIA;COCHABAMBA;81;COCHABAMBA;8212,924451
2019;2019-12-01;189513;Oferta publicada;Agua y luz;Hasta 500 m2;BOLIVIA;COCHABAMBA;76;COCHABAMBA;8414,019624
2019;2019-12-01;189513;Oferta publicada;Agua y luz;De 500 a 2.000 m2;BOLIVIA;COCHABAMBA;107;COCHABAMBA;8409,651642
2019;2019-12-01;189513;Oferta informada por oferente;Agua y luz;Hasta 500 m2;BOLIVIA;COCHABAMBA;94;COCHABAMBA;8044,685437
2019;2019-12-01;189513;Oferta informada por oferente;Agua y luz;Hasta 500 m2;BOLIVIA;COCHABAMBA;123;COCHABAMBA;7710,109983
2019;2019-12-01;189513;Oferta informada por oferente;Agua y luz;De 500 a 2.000 m2;BOLIVIA;COCHABAMBA;114;COCHABAMBA;7584,979287
2019;2019-12-01;189513;Oferta informada por oferente;Agua y luz;Hasta 500 m2;BOLIVIA;COCHABAMBA;173;COCHABAMBA;7392,353362
2019;2019-12-01;189513;Oferta publicada;Agua y luz;Hasta 500 m2;BOLIVIA;COCHABAMBA;140;COCHABAMBA;8442,746722
2019;2019-12-01;189513;Oferta publicada;Agua y luz;Hasta 500 m2;BOLIVIA;COCHABAMBA;140;COCHABAMBA;8422,033482
2019;2019-12-01;189513;Oferta informada por oferente;Agua y luz;Hasta 500 m2;BOLIVIA;COCHABAMBA;180;COCHABAMBA;6220,773749
2019;2019-12-01;189513;Oferta informada por oferente;Agua y luz;Hasta 500 m2;BOLIVIA;COCHABAMBA;136;COCHABAMBA;6372,864709
2019;2019-12-01;189513;Oferta informada por oferente;Agua y luz;Hasta 500 m2;BOLIVIA;COCHABAMBA;86;COCHABAMBA;6714,126416
2019;2019-12-01;189513;Oferta publicada;Agua y luz;Hasta 500 m2;BOLIVIA;COCHABAMBA;93;COCHABAMBA;7487,249769
2019;2019-12-01;189513;Oferta publicada;Agua y luz;Hasta 500 m2;BOLIVIA;COCHABAMBA;81;COCHABAMBA;8688,098165
2019;2019-12-01;189513;Oferta publicada;Sin servicios basicos;Hasta 500 m2;BOLIVIA;COCHABAMBA;60;COCHABAMBA;9034,205996
2019;2019-12-01;189513;Oferta publicada;Sin servicios basicos;Hasta 500 m2;BOLIVIA;COCHABAMBA;76;COCHABAMBA;8761,662415
2019;2019-12-01;189513;Oferta publicada;Agua, luz y pavimento;Hasta 500 m2;BOLIVIA;COCHABAMBA;857;COCHABAMBA;1959,5739
2019;2019-12-01;189513;Oferta publicada;Agua, luz y pavimento;De 500 a 2.000 m2;BOLIVIA;COCHABAMBA;1000;COCHABAMBA;2045,614083
2019;2019-12-01;189513;Oferta publicada;Agua, luz y pavimento;De 500 a 2.000 m2;BOLIVIA;COCHABAMBA;444;COCHABAMBA;1858,928852
2019;2019-12-01;189513;Tercero informante;Agua, luz y pavimento;Hasta 500 m2;BOLIVIA;COCHABAMBA;966;COCHABAMBA;2002,434423
2019;2019-12-01;189513;Tercero informante;Agua, luz y pavimento;Hasta 500 m2;BOLIVIA;COCHABAMBA;565;COCHABAMBA;2094,81726
2019;2019-12-01;189513;Oferta publicada;Agua, luz y pavimento;Hasta 500 m2;BOLIVIA;COCHABAMBA;1950;COCHABAMBA;929,919648
2019;2019-12-01;189513;Oferta publicada;Agua, luz y pavimento;Hasta 500 m2;BOLIVIA;COCHABAMBA;1829;COCHABAMBA;852,5967153
2019;2019-12-01;189513;Oferta publicada;Agua, luz y pavimento;Hasta 500 m2;BOLIVIA;COCHABAMBA;1000;COCHABAMBA;853,0149599
2019;2019-12-01;189513;Oferta publicada;Agua, luz y pavimento;Hasta 500 m2;BOLIVIA;COCHABAMBA;1867;COCHABAMBA;823,8533691
2019;2019-12-01;189513;Tercero informante;Agua, luz y pavimento;De 2.000 a 10.000 m2;BOLIVIA;COCHABAMBA;320;COCHABAMBA;2782,101974
2019;2019-12-01;189513;Oferta publicada;Agua, luz y pavimento;Hasta 500 m2;BOLIVIA;COCHABAMBA;400;COCHABAMBA;2374,756426
2019;2019-12-01;189513;Oferta publicada;Agua, luz y pavimento;Hasta 500 m2;BOLIVIA;COCHABAMBA;444;COCHABAMBA;3129,756139
2019;2019-12-01;189513;Oferta publicada;Agua, luz y pavimento;Hasta 500 m2;BOLIVIA;COCHABAMBA;400;COCHABAMBA;3387,218761
2019;2019-12-01;189513;Oferta publicada;Agua, luz y pavimento;Hasta 500 m2;BOLIVIA;COCHABAMBA;714;COCHABAMBA;2116,957118
2019;2019-12-01;189513;Tercero informante;Agua, luz y pavimento;De 500 a 2.000 m2;BOLIVIA;COCHABAMBA;686;COCHABAMBA;2275,937431
2019;2019-12-01;189513;Tercero informante;Agua, luz y pavimento;De 500 a 2.000 m2;BOLIVIA;COCHABAMBA;548;COCHABAMBA;2328,54817
2019;2019-12-01;189513;Tercero informante;Agua, luz y pavimento;Hasta 500 m2;BOLIVIA;COCHABAMBA;432;COCHABAMBA;2526,112107
2019;2019-12-01;189513;Tercero informante;Agua, luz y pavimento;De 500 a 2.000 m2;BOLIVIA;COCHABAMBA;544;COCHABAMBA;2427,033336
2019;2019-12-01;189513;Tercero informante;Agua, luz y pavimento;Hasta 500 m2;BOLIVIA;COCHABAMBA;417;COCHABAMBA;2175,721225
2019;2019-12-01;189513;Tercero informante;Agua, luz y pavimento;Hasta 500 m2;BOLIVIA;COCHABAMBA;400;COCHABAMBA;1853,839137
2019;2019-12-01;189513;Tercero informante;Agua, luz y pavimento;De 500 a 2.000 m2;BOLIVIA;COCHABAMBA;400;COCHABAMBA;2005,311065
2019;2019-12-01;189513;Oferta publicada;Agua, luz y pavimento;Hasta 500 m2;BOLIVIA;COCHABAMBA;375;COCHABAMBA;2667,845554
2019;2019-12-01;189513;Oferta publicada;Agua, luz y pavimento;De 500 a 2.000 m2;BOLIVIA;COCHABAMBA;550;COCHABAMBA;3158,804497
2019;2019-12-01;189513;Oferta publicada;Agua, luz y pavimento;De 500 a 2.000 m2;BOLIVIA;COCHABAMBA;329;COCHABAMBA;4417,752653
2019;2019-12-01;189513;Oferta publicada;Agua, luz y pavimento;De 500 a 2.000 m2;BOLIVIA;COCHABAMBA;310;COLCAPIRHUA;3540,314801
2019;2019-12-01;189513;Oferta publicada;Agua, luz y pavimento;Hasta 500 m2;BOLIVIA;COCHABAMBA;614;COCHABAMBA;3229,492597
2019;2019-12-01;189513;Tercero informante;Agua, luz y pavimento;Hasta 500 m2;BOLIVIA;COCHABAMBA;412;COCHABAMBA;1993,241536
2019;2019-12-01;189513;Oferta publicada;Agua, luz y pavimento;De 500 a 2.000 m2;BOLIVIA;COCHABAMBA;820;COCHABAMBA;2381,024692
2019;2019-12-01;189513;Oferta publicada;Agua, luz y pavimento;Hasta 500 m2;BOLIVIA;COCHABAMBA;784;COLCAPIRHUA;3777,517178
2019;2019-12-01;189513;Oferta publicada;Agua, luz y pavimento;Hasta 500 m2;BOLIVIA;COCHABAMBA;443;COCHABAMBA;2684,500177
2019;2019-12-01;189513;Oferta publicada;Agua, luz y pavimento;De 500 a 2.000 m2;BOLIVIA;COCHABAMBA;900;COCHABAMBA;4299,402255
2019;2019-12-01;189513;Oferta publicada;Agua, luz y pavimento;De 500 a 2.000 m2;BOLIVIA;COCHABAMBA;470;COCHABAMBA;3710,273174
2019;2019-12-01;189513;Oferta publicada;Agua, luz y pavimento;Hasta 500 m2;BOLIVIA;COCHABAMBA;623;COCHABAMBA;2657,622105
2019;2019-12-01;189513;Oferta publicada;Agua, luz y pavimento;Hasta 500 m2;BOLIVIA;COCHABAMBA;486;COCHABAMBA;3610,828314
2019;2019-12-01;189513;Oferta publicada;Agua, luz y pavimento;Hasta 500 m2;BOLIVIA;COCHABAMBA;560;COCHABAMBA;3588,796186
2019;2019-12-01;189513;Oferta publicada;Agua, luz y pavimento;De 500 a 2.000 m2;BOLIVIA;COCHABAMBA;545;COCHABAMBA;3900,164227
2019;2019-12-01;189513;Oferta publicada;Agua y luz;De 500 a 2.000 m2;BOLIVIA;COCHABAMBA;590;COCHABAMBA;4321,451832
2019;2019-12-01;189513;Oferta publicada;Agua y luz;Hasta 500 m2;BOLIVIA;COCHABAMBA;520;COLCAPIRHUA;3287,967122
2019;2019-12-01;189513;Oferta publicada;Agua, luz y pavimento;De 500 a 2.000 m2;BOLIVIA;COCHABAMBA;476;COLCAPIRHUA;3201,018166
2019;2019-12-01;189513;Oferta publicada;Agua, luz y pavimento;De 500 a 2.000 m2;BOLIVIA;COCHABAMBA;620;COCHABAMBA;2481,014258
2019;2019-12-01;189513;Oferta publicada;Agua, luz y pavimento;Hasta 500 m2;BOLIVIA;COCHABAMBA;410;COCHABAMBA;3409,048267
2019;2019-12-01;189513;Oferta publicada;Agua, luz y pavimento;De 500 a 2.000 m2;BOLIVIA;COCHABAMBA;421;COCHABAMBA;2878,851258
2019;2019-12-01;189513;Oferta publicada;Agua, luz y pavimento;De 500 a 2.000 m2;BOLIVIA;COCHABAMBA;496;COCHABAMBA;2986,227206
2019;2019-12-01;189513;Oferta publicada;Agua, luz y pavimento;Hasta 500 m2;BOLIVIA;COCHABAMBA;574;COCHABAMBA;3164,558479
2019;2019-12-01;189513;Oferta publicada;Agua, luz y pavimento;Hasta 500 m2;BOLIVIA;COCHABAMBA;540;COCHABAMBA;3453,829504
2019;2019-12-01;189513;Oferta publicada;Agua, luz y pavimento;Hasta 500 m2;BOLIVIA;COCHABAMBA;640;COCHABAMBA;2703,164743
2019;2019-12-01;189513;Oferta publicada;Agua, luz y pavimento;De 500 a 2.000 m2;BOLIVIA;COCHABAMBA;480;COCHABAMBA;3184,054377
2019;2019-12-01;189513;Oferta publicada;Agua, luz y pavimento;Hasta 500 m2;BOLIVIA;COCHABAMBA;312;COCHABAMBA;3979,874613
2019;2019-12-01;189513;Oferta publicada;Agua, luz y pavimento;De 500 a 2.000 m2;BOLIVIA;COCHABAMBA;421;COCHABAMBA;1923,349249
2019;2019-12-01;189513;Tercero informante;Agua, luz y pavimento;De 500 a 2.000 m2;BOLIVIA;COCHABAMBA;597;COCHABAMBA;1775,643129
2019;2019-12-01;189513;Oferta publicada;Agua, luz y pavimento;Hasta 500 m2;BOLIVIA;COCHABAMBA;601;COCHABAMBA;1740,921599
2019;2019-12-01;189513;Oferta publicada;Agua, luz y pavimento;De 500 a 2.000 m2;BOLIVIA;COCHABAMBA;437;COLCAPIRHUA;4288,464686
2019;2019-12-01;189513;Oferta publicada;Agua, luz y pavimento;Hasta 500 m2;BOLIVIA;COCHABAMBA;546;COCHABAMBA;2929,751438
2019;2019-12-01;189513;Oferta publicada;Agua y luz;Hasta 500 m2;BOLIVIA;COCHABAMBA;153;COCHABAMBA;7081,284481
2019;2019-12-01;189513;Oferta publicada;Agua y luz;Hasta 500 m2;BOLIVIA;COCHABAMBA;50;COCHABAMBA;6981,982475
2019;2019-12-01;189513;Oferta publicada;Agua y luz;Hasta 500 m2;BOLIVIA;COCHABAMBA;326;COCHABAMBA;6878,425356
2019;2019-12-01;189513;Oferta publicada;Sin servicios basicos;De 500 a 2.000 m2;BOLIVIA;COCHABAMBA;115;COCHABAMBA;5912,015341
2019;2019-12-01;189513;Oferta informada por oferente;Agua y luz;Hasta 500 m2;BOLIVIA;COCHABAMBA;221;COCHABAMBA;6039,444985
2019;2019-12-01;189513;Oferta publicada;Agua y luz;De 500 a 2.000 m2;BOLIVIA;COCHABAMBA;166;COCHABAMBA;6737,805869
2019;2019-12-01;189513;Oferta publicada;Agua y luz;Hasta 500 m2;BOLIVIA;COCHABAMBA;140;COCHABAMBA;6736,320707
2019;2019-12-01;189513;Oferta publicada;Agua y luz;De 500 a 2.000 m2;BOLIVIA;COCHABAMBA;216;COCHABAMBA;6928,271939
2019;2019-12-01;189513;Oferta publicada;Agua y luz;Hasta 500 m2;BOLIVIA;COCHABAMBA;140;COCHABAMBA;6737,686675
2019;2019-12-01;189513;Oferta publicada;Agua y luz;Hasta 500 m2;BOLIVIA;COCHABAMBA;340;COCHABAMBA;6892,773651
2019;2019-12-01;189513;Oferta publicada;Agua y luz;Hasta 500 m2;BOLIVIA;COCHABAMBA;340;COCHABAMBA;6902,990999
2019;2019-12-01;189513;Oferta publicada;Agua y luz;Hasta 500 m2;BOLIVIA;COCHABAMBA;340;COCHABAMBA;6882,097623
2019;2019-12-01;189513;Oferta publicada;Agua y luz;Hasta 500 m2;BOLIVIA;COCHABAMBA;264;COCHABAMBA;3071,565281
2019;2019-12-01;189513;Oferta publicada;Agua y luz;Hasta 500 m2;BOLIVIA;COCHABAMBA;100;COCHABAMBA;5028,252881
2019;2019-12-01;189513;Oferta publicada;Agua y luz;Hasta 500 m2;BOLIVIA;COCHABAMBA;100;COCHABAMBA;5009,865419
2019;2019-12-01;189513;Oferta publicada;Agua y luz;Hasta 500 m2;BOLIVIA;COCHABAMBA;119;COCHABAMBA;5049,189523
2019;2019-12-01;189513;Oferta informada por oferente;Agua y luz;Hasta 500 m2;BOLIVIA;COCHABAMBA;50;COCHABAMBA;6181,061453
2019;2019-12-01;189513;Oferta informada por oferente;Agua y luz;Hasta 500 m2;BOLIVIA;COCHABAMBA;112;COCHABAMBA;5848,865817
2019;2019-12-01;189513;Oferta informada por oferente;Agua y luz;Hasta 500 m2;BOLIVIA;COCHABAMBA;110;COCHABAMBA;5666,092406
2019;2019-12-01;189513;Oferta publicada;Sin servicios basicos;Hasta 500 m2;BOLIVIA;COCHABAMBA;49;COCHABAMBA;4823,234963
2019;2019-12-01;189513;Oferta informada por oferente;Agua y luz;Hasta 500 m2;BOLIVIA;COCHABAMBA;114;COCHABAMBA;6197,964522
2019;2019-12-01;189513;Oferta informada por oferente;Agua y luz;Hasta 500 m2;BOLIVIA;COCHABAMBA;189;COCHABAMBA;6232,235736
2019;2019-12-01;189513;Oferta informada por oferente;Agua y luz;Hasta 500 m2;BOLIVIA;COCHABAMBA;118;COCHABAMBA;6475,020272
2019;2019-12-01;189513;Oferta publicada;Sin servicios basicos;Hasta 500 m2;BOLIVIA;COCHABAMBA;81;COCHABAMBA;4637,016765
2019;2019-12-01;189513;Oferta publicada;Agua y luz;Hasta 500 m2;BOLIVIA;COCHABAMBA;154;COCHABAMBA;7176,990358
2019;2019-12-01;189513;Oferta publicada;Agua y luz;Hasta 500 m2;BOLIVIA;COCHABAMBA;158;COCHABAMBA;3490,371975
2019;2019-12-01;189513;Oferta publicada;Sin servicios basicos;Hasta 500 m2;BOLIVIA;COCHABAMBA;190;COCHABAMBA;5376,46818
2019;2019-12-01;189513;Oferta publicada;Agua, luz y pavimento;Hasta 500 m2;BOLIVIA;COCHABAMBA;297;COCHABAMBA;2306,949365
2019;2019-12-01;189513;Oferta publicada;Agua, luz y pavimento;Hasta 500 m2;BOLIVIA;COCHABAMBA;469;COCHABAMBA;2263,091817
2019;2019-12-01;189513;Oferta publicada;Agua y luz;Hasta 500 m2;BOLIVIA;COCHABAMBA;94;COCHABAMBA;8410,073535
2019;2019-12-01;189513;Oferta publicada;Agua y luz;Hasta 500 m2;BOLIVIA;COCHABAMBA;95;COCHABAMBA;8376,269444
2019;2019-12-01;189513;Tercero informante;Agua y luz;Hasta 500 m2;BOLIVIA;COCHABAMBA;151;COCHABAMBA;5233,06976
2019;2019-12-01;189513;Oferta publicada;Agua y luz;Hasta 500 m2;BOLIVIA;COCHABAMBA;50;COCHABAMBA;5111,450039
2019;2019-12-01;189513;Oferta publicada;Sin servicios basicos;Hasta 500 m2;BOLIVIA;COCHABAMBA;100;COCHABAMBA;8952,346262
2019;2019-12-01;189513;Oferta publicada;Sin servicios basicos;Hasta 500 m2;BOLIVIA;COCHABAMBA;65;COCHABAMBA;8886,527085
2019;2019-12-01;189513;Oferta informada por oferente;Agua y luz;Hasta 500 m2;BOLIVIA;COCHABAMBA;62;COCHABAMBA;8001,223823
2019;2019-12-01;189513;Oferta publicada;Agua y luz;Hasta 500 m2;BOLIVIA;COCHABAMBA;67;COCHABAMBA;8269,641399
2019;2019-12-01;189513;Oferta publicada;Agua y luz;Hasta 500 m2;BOLIVIA;COCHABAMBA;80;COCHABAMBA;8364,813297
2019;2019-12-01;189513;Oferta publicada;Agua y luz;De 500 a 2.000 m2;BOLIVIA;COCHABAMBA;35;COCHABAMBA;8463,236113
2019;2019-12-01;189513;Oferta publicada;Agua y luz;De 500 a 2.000 m2;BOLIVIA;COCHABAMBA;32;COCHABAMBA;8236,331575
2019;2019-12-01;189513;Oferta publicada;Agua y luz;Hasta 500 m2;BOLIVIA;COCHABAMBA;95;COCHABAMBA;8378,107615
2019;2019-12-01;189513;Oferta publicada;Agua y luz;Hasta 500 m2;BOLIVIA;COCHABAMBA;84;COCHABAMBA;8408,026885
2019;2019-12-01;189513;Oferta publicada;Agua y luz;Hasta 500 m2;BOLIVIA;COCHABAMBA;84;COCHABAMBA;8430,073166
2019;2019-12-01;189513;Oferta publicada;Agua y luz;Hasta 500 m2;BOLIVIA;COCHABAMBA;86;COCHABAMBA;8430,946737
2019;2019-12-01;189513;Oferta publicada;Agua y luz;Hasta 500 m2;BOLIVIA;COCHABAMBA;90;COCHABAMBA;8403,77951
2019;2019-12-01;189513;Oferta publicada;Agua y luz;Hasta 500 m2;BOLIVIA;COCHABAMBA;95;COCHABAMBA;8217,380427
2019;2019-12-01;189513;Oferta publicada;Agua y luz;Hasta 500 m2;BOLIVIA;COCHABAMBA;46;COCHABAMBA;8608,035563
2019;2019-12-01;189513;Oferta publicada;Agua y luz;De 500 a 2.000 m2;BOLIVIA;COCHABAMBA;41;COCHABAMBA;8115,605914
2019;2019-12-01;189513;Oferta publicada;Agua y luz;Hasta 500 m2;BOLIVIA;COCHABAMBA;76;COCHABAMBA;8151,25153
2019;2019-12-01;189513;Oferta publicada;Agua y luz;Hasta 500 m2;BOLIVIA;COCHABAMBA;95;COCHABAMBA;8272,803268
2019;2019-12-01;189513;Oferta informada por oferente;Agua y luz;Hasta 500 m2;BOLIVIA;COCHABAMBA;96;COCHABAMBA;7722,050359
2019;2019-12-01;189513;Oferta informada por oferente;Agua y luz;Hasta 500 m2;BOLIVIA;COCHABAMBA;95;COCHABAMBA;7624,506942
2019;2019-12-01;189513;Oferta informada por oferente;Agua y luz;Hasta 500 m2;BOLIVIA;COCHABAMBA;73;COCHABAMBA;7883,309225
2019;2019-12-01;189513;Oferta informada por oferente;Agua y luz;Hasta 500 m2;BOLIVIA;COCHABAMBA;95;COCHABAMBA;8004,501368
2019;2019-12-01;189513;Oferta informada por oferente;Agua y luz;Hasta 500 m2;BOLIVIA;COCHABAMBA;64;COCHABAMBA;7800,555186
2019;2019-12-01;189513;Oferta publicada;Agua y luz;Hasta 500 m2;BOLIVIA;COCHABAMBA;82;COCHABAMBA;8206,680671
2019;2019-12-01;189513;Oferta informada por oferente;Agua y luz;Hasta 500 m2;BOLIVIA;COCHABAMBA;100;COCHABAMBA;7604,723745
2019;2019-12-01;189513;Oferta informada por oferente;Agua y luz;Hasta 500 m2;BOLIVIA;COCHABAMBA;66;COCHABAMBA;6401,139667
2019;2019-12-01;189513;Oferta publicada;Agua y luz;Hasta 500 m2;BOLIVIA;COCHABAMBA;90;COCHABAMBA;7925,292308
2019;2019-12-01;189513;Oferta publicada;Sin servicios basicos;Hasta 500 m2;BOLIVIA;COCHABAMBA;71;COCHABAMBA;8986,359616
2019;2019-12-01;189513;Oferta publicada;Agua y luz;De 500 a 2.000 m2;BOLIVIA;COCHABAMBA;100;COLCAPIRHUA;3062,89147
2019;2019-12-01;189513;Oferta publicada;Agua, luz y pavimento;Hasta 500 m2;BOLIVIA;COCHABAMBA;100;COLCAPIRHUA;1676,94411
2019;2019-12-01;189513;Oferta publicada;Agua y luz;De 500 a 2.000 m2;BOLIVIA;COCHABAMBA;90;COLCAPIRHUA;2600,812713
2019;2019-12-01;189513;Oferta publicada;Agua y luz;De 500 a 2.000 m2;BOLIVIA;COCHABAMBA;90;COLCAPIRHUA;2716,979023
2019;2019-12-01;189513;Oferta publicada;Agua y luz;Hasta 500 m2;BOLIVIA;COCHABAMBA;70;COLCAPIRHUA;3212,178992
2019;2019-12-01;189513;Oferta publicada;Agua y luz;De 500 a 2.000 m2;BOLIVIA;COCHABAMBA;100;COLCAPIRHUA;1979,457176
2019;2019-12-01;189513;Oferta publicada;Agua y luz;Hasta 500 m2;BOLIVIA;COCHABAMBA;100;COLCAPIRHUA;1982,758826
2019;2019-12-01;189513;Oferta publicada;Agua y luz;De 500 a 2.000 m2;BOLIVIA;COCHABAMBA;95;COLCAPIRHUA;2029,232013
2019;2019-12-01;189513;Oferta publicada;Agua y luz;De 500 a 2.000 m2;BOLIVIA;COCHABAMBA;120;COLCAPIRHUA;1507,220275
2019;2019-12-01;189513;Oferta publicada;Agua y luz;De 500 a 2.000 m2;BOLIVIA;COCHABAMBA;100;COLCAPIRHUA;1989,179527
2019;2019-12-01;189513;Oferta publicada;Agua y luz;De 500 a 2.000 m2;BOLIVIA;COCHABAMBA;90;COLCAPIRHUA;1576,12765
2019;2019-12-01;189513;Oferta publicada;Agua y luz;De 2.000 a 10.000 m2;BOLIVIA;COCHABAMBA;110;COLCAPIRHUA;1729,351913
2019;2019-12-01;189513;Oferta publicada;Agua, luz y pavimento;Hasta 500 m2;BOLIVIA;COCHABAMBA;120;COLCAPIRHUA;757,6026443
2019;2019-12-01;189513;Oferta publicada;Agua y luz;De 2.000 a 10.000 m2;BOLIVIA;COCHABAMBA;120;COLCAPIRHUA;1743,976807
2019;2019-12-01;189513;Oferta publicada;Agua y luz;Hasta 500 m2;BOLIVIA;COCHABAMBA;150;COLCAPIRHUA;2170,440403
2019;2019-12-01;189513;Oferta publicada;Agua y luz;Hasta 500 m2;BOLIVIA;COCHABAMBA;150;COLCAPIRHUA;2217,756236
2019;2019-12-01;189513;Oferta publicada;Agua y luz;De 500 a 2.000 m2;BOLIVIA;COCHABAMBA;200;COLCAPIRHUA;2494,210155
2019;2019-12-01;189513;Oferta publicada;Agua y luz;Hasta 500 m2;BOLIVIA;COCHABAMBA;155;COLCAPIRHUA;2586,223906
2019;2019-12-01;189513;Oferta publicada;Agua y luz;De 2.000 a 10.000 m2;BOLIVIA;COCHABAMBA;90;COLCAPIRHUA;1930,215663
2019;2019-12-01;189513;Oferta publicada;Agua y luz;De 500 a 2.000 m2;BOLIVIA;COCHABAMBA;100;COLCAPIRHUA;1742,146572
2019;2019-12-01;189513;Oferta publicada;Agua y luz;De 500 a 2.000 m2;BOLIVIA;COCHABAMBA;95;COLCAPIRHUA;1671,785029
2019;2019-12-01;189513;Tercero informante;Agua, luz y pavimento;De 500 a 2.000 m2;BOLIVIA;COCHABAMBA;120;COLCAPIRHUA;1336,075415
2019;2019-12-01;189513;Oferta publicada;Agua y luz;Hasta 500 m2;BOLIVIA;COCHABAMBA;130;COLCAPIRHUA;2214,267963
2019;2019-12-01;189513;Oferta publicada;Agua y luz;Hasta 500 m2;BOLIVIA;COCHABAMBA;130;COLCAPIRHUA;2479,107585
2019;2019-12-01;189513;Oferta publicada;Agua, luz y pavimento;De 500 a 2.000 m2;BOLIVIA;COCHABAMBA;220;COLCAPIRHUA;2044,849429
2019;2019-12-01;189513;Tercero informante;Agua, luz y pavimento;Hasta 500 m2;BOLIVIA;COCHABAMBA;120;COLCAPIRHUA;1373,901742
2019;2019-12-01;189513;Oferta publicada;Agua, luz y pavimento;De 2.000 a 10.000 m2;BOLIVIA;COCHABAMBA;250;COLCAPIRHUA;2074,436389
2019;2019-12-01;189513;Oferta publicada;Agua, luz y pavimento;De 500 a 2.000 m2;BOLIVIA;COCHABAMBA;140;COLCAPIRHUA;2719,152013
2019;2019-12-01;189513;Tercero informante;Agua, luz y pavimento;De 500 a 2.000 m2;BOLIVIA;COCHABAMBA;210;COLCAPIRHUA;1517,66678
2019;2019-12-01;189513;Oferta publicada;Agua, luz y pavimento;De 500 a 2.000 m2;BOLIVIA;COCHABAMBA;100;COLCAPIRHUA;998,1866377
2019;2019-12-01;189513;Oferta publicada;Agua, luz y pavimento;De 500 a 2.000 m2;BOLIVIA;COCHABAMBA;175;SACABA;2292,63585
2019;2019-12-01;189513;Oferta publicada;Agua, luz y pavimento;De 2.000 a 10.000 m2;BOLIVIA;COCHABAMBA;170;SACABA;2212,53929
2019;2019-12-01;189513;Oferta publicada;Agua, luz y pavimento;De 2.000 a 10.000 m2;BOLIVIA;COCHABAMBA;120;SACABA;2476,333162
2019;2019-12-01;189513;Oferta publicada;Agua, luz y pavimento;De 500 a 2.000 m2;BOLIVIA;COCHABAMBA;110;SACABA;2552,166911
2019;2019-12-01;189513;Oferta publicada;Agua y luz;De 2.000 a 10.000 m2;BOLIVIA;COCHABAMBA;90;SACABA;2436,583745
2019;2019-12-01;189513;Oferta publicada;Agua y luz;De 500 a 2.000 m2;BOLIVIA;COCHABAMBA;80;SACABA;2043,498249
2019;2019-12-01;189513;Oferta publicada;Agua y luz;De 2.000 a 10.000 m2;BOLIVIA;COCHABAMBA;180;SACABA;2209,110606
2019;2019-12-01;189513;Oferta publicada;Agua y luz;De 2.000 a 10.000 m2;BOLIVIA;COCHABAMBA;120;SACABA;2588,857046
2019;2019-12-01;189513;Oferta publicada;Agua y luz;De 500 a 2.000 m2;BOLIVIA;COCHABAMBA;165;SACABA;2607,094866
2019;2019-12-01;189513;Oferta publicada;Agua y luz;De 2.000 a 10.000 m2;BOLIVIA;COCHABAMBA;85;SACABA;2552,589657
2019;2019-12-01;189513;Oferta publicada;Agua y luz;De 2.000 a 10.000 m2;BOLIVIA;COCHABAMBA;70;SACABA;2597,339245
2019;2019-12-01;189513;Oferta publicada;Agua y luz;De 2.000 a 10.000 m2;BOLIVIA;COCHABAMBA;85;SACABA;2573,094453
2019;2019-12-01;189513;Oferta publicada;Agua y luz;De 2.000 a 10.000 m2;BOLIVIA;COCHABAMBA;75;SACABA;2552,951483
2019;2019-12-01;189513;Oferta publicada;Agua y luz;De 2.000 a 10.000 m2;BOLIVIA;COCHABAMBA;90;SACABA;2499,807074
2019;2019-12-01;189513;Oferta publicada;Agua y luz;De 500 a 2.000 m2;BOLIVIA;COCHABAMBA;75;SACABA;2575,995608
2019;2019-12-01;189513;Oferta publicada;Agua y luz;De 2.000 a 10.000 m2;BOLIVIA;COCHABAMBA;80;SACABA;2567,805503
2019;2019-12-01;189513;Oferta publicada;Agua y luz;De 2.000 a 10.000 m2;BOLIVIA;COCHABAMBA;70;SACABA;2456,615133
2019;2019-12-01;189513;Oferta publicada;Agua y luz;De 2.000 a 10.000 m2;BOLIVIA;COCHABAMBA;90;SACABA;2442,832868
2019;2019-12-01;189513;Oferta publicada;Agua y luz;De 2.000 a 10.000 m2;BOLIVIA;COCHABAMBA;80;SACABA;2487,122464
2019;2019-12-01;189513;Oferta publicada;Agua y luz;De 2.000 a 10.000 m2;BOLIVIA;COCHABAMBA;70;SACABA;2393,367124
2019;2019-12-01;189513;Oferta publicada;Agua y luz;De 2.000 a 10.000 m2;BOLIVIA;COCHABAMBA;80;SACABA;2528,509948
2019;2019-12-01;189513;Oferta publicada;Agua y luz;De 500 a 2.000 m2;BOLIVIA;COCHABAMBA;155;SACABA;2368,577245
2019;2019-12-01;189513;Oferta publicada;Agua y luz;De 2.000 a 10.000 m2;BOLIVIA;COCHABAMBA;150;SACABA;2396,3037
2019;2019-12-01;189513;Oferta publicada;Agua y luz;De 2.000 a 10.000 m2;BOLIVIA;COCHABAMBA;140;SACABA;2417,923969
2019;2019-12-01;189513;Oferta publicada;Agua y luz;De 500 a 2.000 m2;BOLIVIA;COCHABAMBA;90;SACABA;2459,331447
2019;2019-12-01;189513;Oferta publicada;Agua y luz;De 2.000 a 10.000 m2;BOLIVIA;COCHABAMBA;155;SACABA;2422,07622
2019;2019-12-01;189513;Oferta publicada;Agua y luz;De 2.000 a 10.000 m2;BOLIVIA;COCHABAMBA;75;SACABA;2088,928698
2019;2019-12-01;189513;Oferta publicada;Agua y luz;De 2.000 a 10.000 m2;BOLIVIA;COCHABAMBA;85;SACABA;2120,132457
2019;2019-12-01;189513;Oferta publicada;Agua y luz;De 2.000 a 10.000 m2;BOLIVIA;COCHABAMBA;95;SACABA;2112,889836
2019;2019-12-01;189513;Oferta publicada;Agua y luz;De 2.000 a 10.000 m2;BOLIVIA;COCHABAMBA;65;SACABA;2137,983107
2019;2019-12-01;189513;Oferta publicada;Agua, luz y pavimento;De 500 a 2.000 m2;BOLIVIA;COCHABAMBA;160;SACABA;2229,170741
2019;2019-12-01;189513;Oferta publicada;Agua y luz;De 500 a 2.000 m2;BOLIVIA;COCHABAMBA;155;SACABA;2269,826574
2019;2019-12-01;189513;Oferta publicada;Agua y luz;De 2.000 a 10.000 m2;BOLIVIA;COCHABAMBA;165;SACABA;2290,784856
2019;2019-12-01;189513;Oferta publicada;Agua y luz;De 500 a 2.000 m2;BOLIVIA;COCHABAMBA;170;SACABA;2308,749188
2019;2019-12-01;189513;Oferta publicada;Agua, luz y pavimento;De 500 a 2.000 m2;BOLIVIA;COCHABAMBA;70;SACABA;2247,321896
2019;2019-12-01;189513;Oferta publicada;Agua, luz y pavimento;Hasta 500 m2;BOLIVIA;COCHABAMBA;150;SACABA;2266,24607
2019;2019-12-01;189513;Oferta publicada;Agua, luz y pavimento;De 500 a 2.000 m2;BOLIVIA;COCHABAMBA;75;SACABA;2335,971201
2019;2019-12-01;189513;Oferta publicada;Agua y luz;De 500 a 2.000 m2;BOLIVIA;COCHABAMBA;170;SACABA;2385,190772
2019;2019-12-01;189513;Oferta publicada;Agua y luz;De 500 a 2.000 m2;BOLIVIA;COCHABAMBA;85;SACABA;2089,16575
2019;2019-12-01;189513;Oferta publicada;Agua y luz;De 500 a 2.000 m2;BOLIVIA;COCHABAMBA;90;SACABA;2031,08227
2019;2019-12-01;189513;Oferta publicada;Agua, luz y pavimento;Hasta 500 m2;BOLIVIA;COCHABAMBA;160;SACABA;2441,952066
2019;2019-12-01;189513;Oferta publicada;Agua y luz;De 2.000 a 10.000 m2;BOLIVIA;COCHABAMBA;160;SACABA;2426,829549
2019;2019-12-01;189513;Oferta publicada;Agua, luz y pavimento;De 500 a 2.000 m2;BOLIVIA;COCHABAMBA;150;QUILLACOLLO;1575,05658
2019;2019-12-01;189513;Oferta publicada;Agua, luz y pavimento;De 500 a 2.000 m2;BOLIVIA;COCHABAMBA;180;QUILLACOLLO;1431,512902
2019;2019-12-01;189513;Oferta publicada;Agua, luz y pavimento;De 2.000 a 10.000 m2;BOLIVIA;COCHABAMBA;200;QUILLACOLLO;1494,21814
2019;2019-12-01;189513;Oferta publicada;Agua y luz;Hasta 500 m2;BOLIVIA;COCHABAMBA;140;QUILLACOLLO;1683,215812
2019;2019-12-01;189513;Oferta publicada;Agua y luz;De 500 a 2.000 m2;BOLIVIA;COCHABAMBA;140;QUILLACOLLO;1159,493532
2019;2019-12-01;189513;Oferta publicada;Agua, luz y pavimento;Hasta 500 m2;BOLIVIA;COCHABAMBA;180;QUILLACOLLO;1327,663508
2019;2019-12-01;189513;Oferta publicada;Agua, luz y pavimento;De 500 a 2.000 m2;BOLIVIA;COCHABAMBA;200;QUILLACOLLO;1395,41238
2019;2019-12-01;189513;Oferta publicada;Agua, luz y pavimento;De 2.000 a 10.000 m2;BOLIVIA;COCHABAMBA;140;QUILLACOLLO;1480,339817
2019;2019-12-01;189513;Oferta publicada;Agua, luz y pavimento;De 500 a 2.000 m2;BOLIVIA;COCHABAMBA;150;QUILLACOLLO;1373,92801
2019;2019-12-01;189513;Oferta publicada;Agua, luz y pavimento;Hasta 500 m2;BOLIVIA;COCHABAMBA;135;QUILLACOLLO;1248,981959
2019;2019-12-01;189513;Oferta publicada;Agua, luz y pavimento;Hasta 500 m2;BOLIVIA;COCHABAMBA;180;QUILLACOLLO;1081,554839
2019;2019-12-01;189513;Oferta publicada;Agua y luz;De 500 a 2.000 m2;BOLIVIA;COCHABAMBA;135;QUILLACOLLO;1531,183105
2019;2019-12-01;189513;Oferta publicada;Agua, luz y pavimento;De 500 a 2.000 m2;BOLIVIA;COCHABAMBA;140;QUILLACOLLO;1338,546416
2019;2019-12-01;189513;Oferta publicada;Agua y luz;De 500 a 2.000 m2;BOLIVIA;COCHABAMBA;160;QUILLACOLLO;1719,572072
2019;2019-12-01;189513;Oferta publicada;Agua y luz;De 500 a 2.000 m2;BOLIVIA;COCHABAMBA;185;QUILLACOLLO;1516,485981
2019;2019-12-01;189513;Oferta publicada;Agua y luz;Hasta 500 m2;BOLIVIA;COCHABAMBA;168;QUILLACOLLO;1588,541561
2019;2019-12-01;189513;Oferta publicada;Agua, luz y pavimento;Hasta 500 m2;BOLIVIA;COCHABAMBA;150;QUILLACOLLO;1136,522049
2019;2019-12-01;189513;Oferta publicada;Agua y luz;De 500 a 2.000 m2;BOLIVIA;COCHABAMBA;180;QUILLACOLLO;1404,102177
2019;2019-12-01;189513;Oferta publicada;Agua y luz;Hasta 500 m2;BOLIVIA;COCHABAMBA;130;QUILLACOLLO;1630,540824
2019;2019-12-01;189513;Oferta publicada;Agua, luz y pavimento;Hasta 500 m2;BOLIVIA;COCHABAMBA;160;QUILLACOLLO;1132,216323
2019;2019-12-01;189513;Oferta publicada;Agua, luz y pavimento;Hasta 500 m2;BOLIVIA;COCHABAMBA;180;QUILLACOLLO;1226,862601
2019;2019-12-01;189513;Oferta publicada;Agua, luz y pavimento;Hasta 500 m2;BOLIVIA;COCHABAMBA;180;QUILLACOLLO;1244,924352
2019;2019-12-01;189513;Oferta publicada;Agua, luz y pavimento;Hasta 500 m2;BOLIVIA;COCHABAMBA;142;QUILLACOLLO;1285,379561
2019;2019-12-01;189513;Oferta publicada;Agua, luz y pavimento;Hasta 500 m2;BOLIVIA;COCHABAMBA;160;QUILLACOLLO;1359,708763
2019;2019-12-01;189513;Oferta publicada;Agua, luz y pavimento;Hasta 500 m2;BOLIVIA;COCHABAMBA;175;QUILLACOLLO;1245,9858
2019;2019-12-01;189513;Oferta publicada;Agua, luz y pavimento;Hasta 500 m2;BOLIVIA;COCHABAMBA;150;QUILLACOLLO;1348,307864
2019;2019-12-01;189513;Oferta publicada;Agua y luz;Hasta 500 m2;BOLIVIA;COCHABAMBA;130;QUILLACOLLO;1655,485256
2019;2019-12-01;189513;Oferta publicada;Agua, luz y pavimento;Hasta 500 m2;BOLIVIA;COCHABAMBA;180;QUILLACOLLO;1144,626785
2019;2019-12-01;189513;Oferta publicada;Agua, luz y pavimento;Hasta 500 m2;BOLIVIA;COCHABAMBA;180;QUILLACOLLO;1300,941871
2019;2019-12-01;189513;Oferta publicada;Agua, luz y pavimento;Hasta 500 m2;BOLIVIA;COCHABAMBA;170;QUILLACOLLO;1293,617822
2019;2019-12-01;189513;Oferta publicada;Agua y luz;Hasta 500 m2;BOLIVIA;COCHABAMBA;160;QUILLACOLLO;1566,808373
2019;2019-12-01;189513;Oferta publicada;Agua y luz;Hasta 500 m2;BOLIVIA;COCHABAMBA;145;QUILLACOLLO;1212,466949
2019;2019-12-01;189513;Oferta publicada;Agua, luz y pavimento;Hasta 500 m2;BOLIVIA;COCHABAMBA;180;QUILLACOLLO;1385,334553
2019;2019-12-01;189513;Oferta publicada;Agua y luz;Mas de 10.000 m2;BOLIVIA;COCHABAMBA;70;VINTO;8542,089331
2019;2019-12-01;189513;Oferta publicada;Sin servicios basicos;De 2.000 a 10.000 m2;BOLIVIA;COCHABAMBA;70;VINTO;8556,52231
2019;2019-12-01;189513;Oferta publicada;Agua y luz;De 2.000 a 10.000 m2;BOLIVIA;COCHABAMBA;60;VINTO;8503,382439
2019;2019-12-01;189513;Oferta publicada;Agua y luz;De 500 a 2.000 m2;BOLIVIA;COCHABAMBA;60;VINTO;8436,54448
2019;2019-12-01;189513;Oferta publicada;Agua y luz;De 500 a 2.000 m2;BOLIVIA;COCHABAMBA;60;VINTO;8372,751234
2019;2019-12-01;189513;Oferta publicada;Agua, luz y pavimento;De 500 a 2.000 m2;BOLIVIA;COCHABAMBA;60;VINTO;8539,794248
2019;2019-12-01;189513;Oferta publicada;Agua, luz y pavimento;De 500 a 2.000 m2;BOLIVIA;COCHABAMBA;60;VINTO;8542,565563
2019;2019-12-01;189513;Oferta publicada;Agua y luz;De 2.000 a 10.000 m2;BOLIVIA;COCHABAMBA;60;VINTO;8211,306935
2019;2019-12-01;189513;Oferta publicada;Agua y luz;De 2.000 a 10.000 m2;BOLIVIA;COCHABAMBA;60;VINTO;8198,297277
2019;2019-12-01;189513;Oferta publicada;Agua, luz y pavimento;De 2.000 a 10.000 m2;BOLIVIA;COCHABAMBA;65;VINTO;8486,651832
2019;2019-12-01;189513;Oferta publicada;Agua y luz;De 2.000 a 10.000 m2;BOLIVIA;COCHABAMBA;60;VINTO;8028,744705
2019;2019-12-01;189513;Oferta publicada;Agua y luz;De 500 a 2.000 m2;BOLIVIA;COCHABAMBA;70;VINTO;7825,639033
2019;2019-12-01;189513;Oferta publicada;Agua y luz;De 500 a 2.000 m2;BOLIVIA;COCHABAMBA;55;VINTO;6533,054545
2019;2019-12-01;189513;Oferta publicada;Agua y luz;De 500 a 2.000 m2;BOLIVIA;COCHABAMBA;60;VINTO;6503,55059
2019;2019-12-01;189513;Tercero informante;Agua, luz y pavimento;Hasta 500 m2;BOLIVIA;COCHABAMBA;80;VINTO;2388,000331
2019;2019-12-01;189513;Oferta publicada;Agua, luz y pavimento;De 500 a 2.000 m2;BOLIVIA;COCHABAMBA;85;VINTO;2274,652259
2019;2019-12-01;189513;Oferta publicada;Agua, luz y pavimento;Hasta 500 m2;BOLIVIA;COCHABAMBA;88;VINTO;2305,651582
2019;2019-12-01;189513;Oferta publicada;Agua, luz y pavimento;Hasta 500 m2;BOLIVIA;COCHABAMBA;85;VINTO;2053,616766
2019;2019-12-01;189513;Oferta publicada;Agua y luz;Hasta 500 m2;BOLIVIA;COCHABAMBA;75;VINTO;2479,783498
2019;2019-12-01;189513;Tercero informante;Agua y luz;De 2.000 a 10.000 m2;BOLIVIA;COCHABAMBA;80;VINTO;2484,305029
2019;2019-12-01;189513;Oferta publicada;Agua y luz;De 500 a 2.000 m2;BOLIVIA;COCHABAMBA;70;VINTO;2065,239214
2019;2019-12-01;189513;Oferta publicada;Agua y luz;De 500 a 2.000 m2;BOLIVIA;COCHABAMBA;70;VINTO;2095,031776
2019;2019-12-01;189513;Oferta publicada;Agua y luz;De 500 a 2.000 m2;BOLIVIA;COCHABAMBA;60;VINTO;2963,333242
2019;2019-12-01;189513;Oferta publicada;Agua y luz;De 500 a 2.000 m2;BOLIVIA;COCHABAMBA;60;VINTO;3047,763399
2019;2019-12-01;189513;Oferta publicada;Agua y luz;De 500 a 2.000 m2;BOLIVIA;COCHABAMBA;60;VINTO;3187,802645
2019;2019-12-01;189513;Oferta publicada;Agua y luz;De 2.000 a 10.000 m2;BOLIVIA;COCHABAMBA;70;VINTO;5507,260356
2019;2019-12-01;189513;Oferta publicada;Agua y luz;De 2.000 a 10.000 m2;BOLIVIA;COCHABAMBA;70;VINTO;3897,433418
2019;2019-12-01;189513;Oferta publicada;Agua y luz;De 500 a 2.000 m2;BOLIVIA;COCHABAMBA;70;VINTO;4928,641876
2019;2019-12-01;189513;Oferta publicada;Agua y luz;Hasta 500 m2;BOLIVIA;COCHABAMBA;60;VINTO;3941,709575
2019;2019-12-01;189513;Tercero informante;Agua y luz;De 2.000 a 10.000 m2;BOLIVIA;COCHABAMBA;50;VINTO;4388,065385
2019;2019-12-01;189513;Oferta publicada;Agua y luz;De 2.000 a 10.000 m2;BOLIVIA;COCHABAMBA;45;VINTO;4236,801556
2019;2019-12-01;189513;Oferta publicada;Agua y luz;Hasta 500 m2;BOLIVIA;COCHABAMBA;53;VINTO;1984,420619
2019;2019-12-01;189513;Oferta publicada;Agua, luz y pavimento;Hasta 500 m2;BOLIVIA;COCHABAMBA;500;VINTO;613,0608078
2019;2019-12-01;189513;Oferta publicada;Agua, luz y pavimento;Hasta 500 m2;BOLIVIA;COCHABAMBA;588;VINTO;646,5602662
2019;2019-12-01;189513;Oferta publicada;Agua, luz y pavimento;Hasta 500 m2;BOLIVIA;COCHABAMBA;562;VINTO;644,3441578
2019;2019-12-01;189513;Oferta publicada;Agua y luz;Hasta 500 m2;BOLIVIA;COCHABAMBA;575;VINTO;2055,531317
2019;2019-12-01;189513;Oferta publicada;Agua y luz;Hasta 500 m2;BOLIVIA;COCHABAMBA;588;VINTO;2023,060237
2019;2019-12-01;189513;Oferta publicada;Agua y luz;Hasta 500 m2;BOLIVIA;COCHABAMBA;571;VINTO;1679,502405
2019;2019-12-01;189513;Tercero informante;Agua, luz y pavimento;Hasta 500 m2;BOLIVIA;COCHABAMBA;412;VINTO;749,7833756
2019;2019-12-01;189513;Tercero informante;Agua, luz y pavimento;Hasta 500 m2;BOLIVIA;COCHABAMBA;508;VINTO;742,1754943
2019;2019-12-01;189513;Oferta publicada;Agua y luz;Hasta 500 m2;BOLIVIA;COCHABAMBA;600;VINTO;362,1912843
2019;2019-12-01;189513;Oferta publicada;Agua y luz;Hasta 500 m2;BOLIVIA;COCHABAMBA;656;VINTO;357,6173055
2019;2019-12-01;189513;Tercero informante;Agua y luz;Hasta 500 m2;BOLIVIA;COCHABAMBA;165;VINTO;1098,642376
2019;2019-12-01;189513;Oferta publicada;Agua, luz y pavimento;De 500 a 2.000 m2;BOLIVIA;COCHABAMBA;28;VINTO;2929,144722
2019;2019-12-01;189513;Oferta publicada;Sin servicios basicos;De 2.000 a 10.000 m2;BOLIVIA;COCHABAMBA;27;VINTO;3430,584031
2019;2019-12-01;189513;Oferta publicada;Sin servicios basicos;Hasta 500 m2;BOLIVIA;COCHABAMBA;146;VINTO;1222,970256
2019;2019-12-01;189513;Tercero informante;Sin servicios basicos;De 2.000 a 10.000 m2;BOLIVIA;COCHABAMBA;30;VINTO;7714,557769
2019;2019-12-01;189513;Oferta publicada;Sin servicios basicos;De 500 a 2.000 m2;BOLIVIA;COCHABAMBA;25;VINTO;7578,951243
2019;2019-12-01;189513;Oferta publicada;Agua y luz;Hasta 500 m2;BOLIVIA;COCHABAMBA;200;TIQUIPAYA;2740,996872
2019;2019-12-01;189513;Oferta publicada;Agua, luz y pavimento;Hasta 500 m2;BOLIVIA;COCHABAMBA;85;TIQUIPAYA;2533,803212
2019;2019-12-01;189513;Oferta publicada;Agua y luz;Hasta 500 m2;BOLIVIA;COCHABAMBA;100;TIQUIPAYA;2887,982338
2019;2019-12-01;189513;Oferta publicada;Agua y luz;Hasta 500 m2;BOLIVIA;COCHABAMBA;90;TIQUIPAYA;3088,963556
2019;2019-12-01;189513;Oferta publicada;Agua y luz;Hasta 500 m2;BOLIVIA;COCHABAMBA;120;TIQUIPAYA;2822,667521
2019;2019-12-01;189513;Tercero informante;Agua, luz y pavimento;Hasta 500 m2;BOLIVIA;COCHABAMBA;300;TIQUIPAYA;2704,16276
2019;2019-12-01;189513;Oferta publicada;Agua, luz y pavimento;Hasta 500 m2;BOLIVIA;COCHABAMBA;200;TIQUIPAYA;2416,612457
2019;2019-12-01;189513;Oferta publicada;Agua, luz y pavimento;Hasta 500 m2;BOLIVIA;COCHABAMBA;200;TIQUIPAYA;3033,05351
2019;2019-12-01;189513;Oferta publicada;Agua, luz y pavimento;Hasta 500 m2;BOLIVIA;COCHABAMBA;250;TIQUIPAYA;2741,800701
2019;2019-12-01;189513;Oferta publicada;Agua y luz;Hasta 500 m2;BOLIVIA;COCHABAMBA;200;TIQUIPAYA;2590,66709
2019;2019-12-01;189513;Oferta publicada;Agua y luz;Hasta 500 m2;BOLIVIA;COCHABAMBA;85;TIQUIPAYA;3141,062263
2019;2019-12-01;189513;Tercero informante;Agua, luz y pavimento;Hasta 500 m2;BOLIVIA;COCHABAMBA;110;TIQUIPAYA;2880,961512
2019;2019-12-01;189513;Oferta publicada;Agua, luz y pavimento;Hasta 500 m2;BOLIVIA;COCHABAMBA;100;TIQUIPAYA;2523,575392
2019;2019-12-01;189513;Oferta publicada;Agua, luz y pavimento;Hasta 500 m2;BOLIVIA;COCHABAMBA;150;TIQUIPAYA;2367,860467
2019;2019-12-01;189513;Oferta publicada;Agua, luz y pavimento;Hasta 500 m2;BOLIVIA;COCHABAMBA;200;TIQUIPAYA;2248,090381
2019;2019-12-01;189513;Oferta publicada;Agua, luz y pavimento;Hasta 500 m2;BOLIVIA;COCHABAMBA;95;TIQUIPAYA;2570,361576
2019;2019-12-01;189513;Oferta publicada;Agua, luz y pavimento;Hasta 500 m2;BOLIVIA;COCHABAMBA;172;TIQUIPAYA;2106,093965
2019;2019-12-01;189513;Tercero informante;Agua, luz y pavimento;Hasta 500 m2;BOLIVIA;COCHABAMBA;280;TIQUIPAYA;2295,90929
2019;2019-12-01;189513;Oferta publicada;Agua, luz y pavimento;Hasta 500 m2;BOLIVIA;COCHABAMBA;295;TIQUIPAYA;2242,689155
2019;2019-12-01;189513;Tercero informante;Agua, luz y pavimento;Hasta 500 m2;BOLIVIA;COCHABAMBA;220;TIQUIPAYA;2227,438469
2019;2019-12-01;189513;Oferta publicada;Agua, luz y pavimento;Hasta 500 m2;BOLIVIA;COCHABAMBA;130;TIQUIPAYA;2188,703343
2019;2019-12-01;189513;Tercero informante;Agua, luz y pavimento;Hasta 500 m2;BOLIVIA;COCHABAMBA;250;TIQUIPAYA;2224,113568
2019;2019-12-01;189513;Tercero informante;Agua y luz;Hasta 500 m2;BOLIVIA;COCHABAMBA;300;TIQUIPAYA;2363,117535
2019;2019-12-01;189513;Oferta publicada;Agua, luz y pavimento;Hasta 500 m2;BOLIVIA;COCHABAMBA;90;TIQUIPAYA;2663,306381
2019;2019-12-01;189513;Oferta publicada;Agua y luz;Hasta 500 m2;BOLIVIA;COCHABAMBA;172;TIQUIPAYA;3009,962554
2019;2019-12-01;189513;Oferta publicada;Agua, luz y pavimento;Hasta 500 m2;BOLIVIA;COCHABAMBA;90;TIQUIPAYA;2559,301647
2019;2019-12-01;189513;Tercero informante;Agua, luz y pavimento;Hasta 500 m2;BOLIVIA;COCHABAMBA;150;TIQUIPAYA;2150,258815
2019;2019-12-01;189513;Oferta publicada;Agua, luz y pavimento;Hasta 500 m2;BOLIVIA;COCHABAMBA;300;TIQUIPAYA;2808,857258
2019;2019-12-01;189513;Oferta publicada;Agua, luz y pavimento;Hasta 500 m2;BOLIVIA;COCHABAMBA;250;TIQUIPAYA;2187,298988
2018;2018-12-01;171325;Oferta publicada;Agua, luz y pavimento;Hasta 500 m2;BOLIVIA;VINTO;177;VINTO;585,5198453
2018;2018-12-01;171325;Oferta publicada;Agua, luz y pavimento;Hasta 500 m2;BOLIVIA;VINTO;144;VINTO;14,34235297
2018;2018-12-01;171325;Oferta publicada;Agua, luz y pavimento;Hasta 500 m2;BOLIVIA;VINTO;130;VINTO;519,3986879
2018;2018-12-01;171325;Oferta publicada;Agua, luz y pavimento;De 2.000 a 10.000 m2;BOLIVIA;VINTO;77;VINTO;528,1063675
2018;2018-12-01;171325;Oferta publicada;Agua, luz y pavimento;De 500 a 2.000 m2;BOLIVIA;VINTO;30;VINTO;983,0300636
2018;2018-12-01;171325;Oferta publicada;Agua, luz y pavimento;De 500 a 2.000 m2;BOLIVIA;QUILLACOLLO;150;QUILLACOLLO;1083,576586
2018;2018-12-01;171325;Oferta publicada;Agua, luz y pavimento;De 500 a 2.000 m2;BOLIVIA;QUILLACOLLO;110;COLCAPIRHUA;1786,587108
2018;2018-12-01;171325;Oferta publicada;Agua, luz y pavimento;De 2.000 a 10.000 m2;BOLIVIA;QUILLACOLLO;140;COLCAPIRHUA;1736,276519
2018;2018-12-01;171325;Oferta publicada;Agua, luz y pavimento;Hasta 500 m2;BOLIVIA;QUILLACOLLO;104;QUILLACOLLO;1911,58149
2018;2018-12-01;171325;Oferta publicada;Agua, luz y pavimento;Hasta 500 m2;BOLIVIA;QUILLACOLLO;280;QUILLACOLLO;1520,843501
2018;2018-12-01;171325;Oferta publicada;Agua, luz y pavimento;De 2.000 a 10.000 m2;BOLIVIA;QUILLACOLLO;18;QUILLACOLLO;742,3292006
2018;2018-12-01;171325;Oferta publicada;Agua, luz y pavimento;Hasta 500 m2;BOLIVIA;QUILLACOLLO;130;QUILLACOLLO;767,9333074
2018;2018-12-01;171325;Oferta publicada;Agua, luz y pavimento;Hasta 500 m2;BOLIVIA;QUILLACOLLO;177;QUILLACOLLO;1177,600952
2018;2018-12-01;171325;Oferta publicada;Agua, luz y pavimento;Hasta 500 m2;BOLIVIA;QUILLACOLLO;174;QUILLACOLLO;788,6092083
2018;2018-12-01;171325;Oferta publicada;Agua, luz y pavimento;Hasta 500 m2;BOLIVIA;QUILLACOLLO;105;QUILLACOLLO;1239,181381
2018;2018-12-01;171325;Oferta publicada;Agua, luz y pavimento;Hasta 500 m2;BOLIVIA;QUILLACOLLO;130;QUILLACOLLO;741,79994
2018;2018-12-01;171325;Oferta publicada;Agua, luz y pavimento;Hasta 500 m2;BOLIVIA;QUILLACOLLO;90;VINTO;1872,534734
2018;2018-12-01;171325;Oferta publicada;Agua, luz y pavimento;Hasta 500 m2;BOLIVIA;QUILLACOLLO;127;QUILLACOLLO;959,5704371
2018;2018-12-01;171325;Oferta publicada;Agua, luz y pavimento;Hasta 500 m2;BOLIVIA;QUILLACOLLO;105;QUILLACOLLO;1316,401059
2018;2018-12-01;171325;Oferta publicada;Agua, luz y pavimento;Hasta 500 m2;BOLIVIA;QUILLACOLLO;25;QUILLACOLLO;686,0356934
2018;2018-12-01;171325;Oferta publicada;Agua, luz y pavimento;De 2.000 a 10.000 m2;BOLIVIA;COLCAPIRHUA;140;COLCAPIRHUA;1049,157266
2018;2018-12-01;171325;Oferta publicada;Agua, luz y pavimento;Hasta 500 m2;BOLIVIA;COLCAPIRHUA;230;COLCAPIRHUA;2695,219064
2018;2018-12-01;171325;Oferta publicada;Agua, luz y pavimento;De 500 a 2.000 m2;BOLIVIA;COLCAPIRHUA;310;COLCAPIRHUA;2085,40475
2018;2018-12-01;171325;Oferta publicada;Agua, luz y pavimento;Hasta 500 m2;BOLIVIA;COLCAPIRHUA;231;COLCAPIRHUA;2140,713709
2018;2018-12-01;171325;Oferta publicada;Agua, luz y pavimento;De 500 a 2.000 m2;BOLIVIA;COLCAPIRHUA;145;COLCAPIRHUA;834,1138568
2018;2018-12-01;171325;Oferta publicada;Agua, luz y pavimento;Hasta 500 m2;BOLIVIA;COLCAPIRHUA;263;COLCAPIRHUA;1374,940674
2018;2018-12-01;171325;Oferta publicada;Agua, luz y pavimento;De 2.000 a 10.000 m2;BOLIVIA;COLCAPIRHUA;85;COLCAPIRHUA;1868,29353
2018;2018-12-01;171325;Oferta publicada;Agua, luz y pavimento;Hasta 500 m2;BOLIVIA;COLCAPIRHUA;73;COLCAPIRHUA;1158,389472
2018;2018-12-01;171325;Oferta publicada;Agua, luz y pavimento;Hasta 500 m2;BOLIVIA;COLCAPIRHUA;231;COLCAPIRHUA;2698,522
2018;2018-12-01;171325;Oferta publicada;Agua, luz y pavimento;De 500 a 2.000 m2;BOLIVIA;COLCAPIRHUA;502;COLCAPIRHUA;2726,579438
2018;2018-12-01;171325;Oferta publicada;Agua, luz y pavimento;De 500 a 2.000 m2;BOLIVIA;COLCAPIRHUA;145;COLCAPIRHUA;2588,43169
2018;2018-12-01;171325;Oferta publicada;Agua, luz y pavimento;De 2.000 a 10.000 m2;BOLIVIA;COLCAPIRHUA;140;COLCAPIRHUA;690,610923
2018;2018-12-01;171325;Oferta publicada;Agua, luz y pavimento;Hasta 500 m2;BOLIVIA;TIQUIPAYA;172;TIQUIPAYA;1394,055141
2018;2018-12-01;171325;Oferta publicada;Agua, luz y pavimento;Hasta 500 m2;BOLIVIA;TIQUIPAYA;168;TIQUIPAYA;1554,613446
2018;2018-12-01;171325;Oferta publicada;Agua, luz y pavimento;Hasta 500 m2;BOLIVIA;TIQUIPAYA;162;TIQUIPAYA;1709,608893
2018;2018-12-01;171325;Oferta publicada;Agua, luz y pavimento;Hasta 500 m2;BOLIVIA;TIQUIPAYA;172;TIQUIPAYA;1212,093171
2018;2018-12-01;171325;Oferta publicada;Agua, luz y pavimento;Hasta 500 m2;BOLIVIA;TIQUIPAYA;172;TIQUIPAYA;1064,223152
2018;2018-12-01;171325;Oferta publicada;Agua, luz y pavimento;Hasta 500 m2;BOLIVIA;TIQUIPAYA;172;TIQUIPAYA;1778,975932
2018;2018-12-01;171325;Oferta publicada;Agua, luz y pavimento;Hasta 500 m2;BOLIVIA;TIQUIPAYA;172;TIQUIPAYA;1477,635652
2018;2018-12-01;171325;Oferta publicada;Agua, luz y pavimento;Hasta 500 m2;BOLIVIA;TIQUIPAYA;172;TIQUIPAYA;1636,917015
2018;2018-12-01;171325;Oferta publicada;Agua, luz y pavimento;Hasta 500 m2;BOLIVIA;TIQUIPAYA;167;TIQUIPAYA;1407,350588
2018;2018-12-01;171325;Oferta publicada;Agua, luz y pavimento;Hasta 500 m2;BOLIVIA;TIQUIPAYA;172;TIQUIPAYA;1646,518327
2018;2018-12-01;171325;Oferta publicada;Agua, luz y pavimento;Hasta 500 m2;BOLIVIA;TIQUIPAYA;169;TIQUIPAYA;1347,45169
2018;2018-12-01;171325;Oferta publicada;Agua, luz y pavimento;Hasta 500 m2;BOLIVIA;TIQUIPAYA;185;TIQUIPAYA;1294,056224
2018;2018-12-01;171325;Oferta publicada;Agua, luz y pavimento;Hasta 500 m2;BOLIVIA;TIQUIPAYA;172;TIQUIPAYA;1431,328386
2018;2018-12-01;171325;Oferta publicada;Agua, luz y pavimento;Hasta 500 m2;BOLIVIA;TIQUIPAYA;167;TIQUIPAYA;670,7590232
2018;2018-12-01;171325;Oferta publicada;Agua, luz y pavimento;Hasta 500 m2;BOLIVIA;TIQUIPAYA;164;TIQUIPAYA;1066,758557
2018;2018-12-01;171325;Oferta publicada;Agua, luz y pavimento;Hasta 500 m2;BOLIVIA;TIQUIPAYA;176;TIQUIPAYA;1009,132539
2018;2018-12-01;171325;Oferta publicada;Agua, luz y pavimento;Hasta 500 m2;BOLIVIA;TIQUIPAYA;167;TIQUIPAYA;749,8433677
2018;2018-12-01;171325;Oferta publicada;Agua, luz y pavimento;Hasta 500 m2;BOLIVIA;TIQUIPAYA;178;TIQUIPAYA;244,6815966
2018;2018-12-01;171325;Oferta publicada;Agua, luz y pavimento;Hasta 500 m2;BOLIVIA;TIQUIPAYA;158;TIQUIPAYA;455,220266
2018;2018-12-01;171325;Oferta publicada;Agua, luz y pavimento;Hasta 500 m2;BOLIVIA;TIQUIPAYA;172;TIQUIPAYA;515,4354447
2018;2018-12-01;171325;Oferta publicada;Agua, luz y pavimento;Hasta 500 m2;BOLIVIA;TIQUIPAYA;171;TIQUIPAYA;240,9756294
2018;2018-12-01;171325;Oferta publicada;Agua, luz y pavimento;Hasta 500 m2;BOLIVIA;TIQUIPAYA;158;TIQUIPAYA;601,4925554
2018;2018-12-01;171325;Oferta publicada;Agua, luz y pavimento;Hasta 500 m2;BOLIVIA;TIQUIPAYA;158;TIQUIPAYA;149,693831
2018;2018-12-01;171325;Oferta publicada;Agua, luz y pavimento;Hasta 500 m2;BOLIVIA;TIQUIPAYA;172;TIQUIPAYA;1596,036888
2018;2018-12-01;171325;Oferta publicada;Agua, luz y pavimento;Hasta 500 m2;BOLIVIA;TIQUIPAYA;172;TIQUIPAYA;1277,965606
2018;2018-12-01;171325;Oferta publicada;Agua, luz y pavimento;Hasta 500 m2;BOLIVIA;TIQUIPAYA;172;TIQUIPAYA;1440,506168
2018;2018-12-01;171325;Oferta publicada;Agua, luz y pavimento;Hasta 500 m2;BOLIVIA;TIQUIPAYA;175;TIQUIPAYA;571,3784241
2018;2018-12-01;171325;Oferta publicada;Agua, luz y pavimento;Hasta 500 m2;BOLIVIA;TIQUIPAYA;158;TIQUIPAYA;1601,112881
2018;2018-12-01;171325;Oferta publicada;Agua, luz y pavimento;Hasta 500 m2;BOLIVIA;TIQUIPAYA;165;TIQUIPAYA;327,1074287
2018;2018-12-01;171325;Oferta publicada;Agua, luz y pavimento;De 2.000 a 10.000 m2;BOLIVIA;COCHABAMBA;1150;COCHABAMBA;735,2673198
2018;2018-12-01;171325;Oferta publicada;Agua, luz y pavimento;De 2.000 a 10.000 m2;BOLIVIA;COCHABAMBA;263;COCHABAMBA;2433,210416
2018;2018-12-01;171325;Oferta publicada;Agua, luz y pavimento;Hasta 500 m2;BOLIVIA;COCHABAMBA;231;COLCAPIRHUA;3866,837605
2018;2018-12-01;171325;Oferta publicada;Agua, luz y pavimento;Hasta 500 m2;BOLIVIA;COCHABAMBA;809;COCHABAMBA;1838,4473
2018;2018-12-01;171325;Oferta publicada;Agua, luz y pavimento;De 500 a 2.000 m2;BOLIVIA;COCHABAMBA;145;COLCAPIRHUA;4417,486139
2018;2018-12-01;171325;Oferta publicada;Agua, luz y pavimento;De 500 a 2.000 m2;BOLIVIA;COCHABAMBA;901;COCHABAMBA;1807,799293
2018;2018-12-01;171325;Oferta publicada;Agua, luz y pavimento;De 500 a 2.000 m2;BOLIVIA;COCHABAMBA;1456;COCHABAMBA;1102,931913
2018;2018-12-01;171325;Oferta publicada;Agua, luz y pavimento;Hasta 500 m2;BOLIVIA;COCHABAMBA;377;COCHABAMBA;2215,382367
2018;2018-12-01;171325;Oferta publicada;Agua, luz y pavimento;Hasta 500 m2;BOLIVIA;COCHABAMBA;309;COCHABAMBA;3281,739886
2018;2018-12-01;171325;Oferta publicada;Agua, luz y pavimento;Hasta 500 m2;BOLIVIA;COCHABAMBA;272;COCHABAMBA;1055,22137
2018;2018-12-01;171325;Oferta publicada;Agua, luz y pavimento;De 500 a 2.000 m2;BOLIVIA;COCHABAMBA;190;COCHABAMBA;3302,66481
2018;2018-12-01;171325;Oferta publicada;Agua, luz y pavimento;Hasta 500 m2;BOLIVIA;COCHABAMBA;420;COCHABAMBA;2638,111488
2018;2018-12-01;171325;Oferta publicada;Agua, luz y pavimento;De 500 a 2.000 m2;BOLIVIA;COCHABAMBA;837;COCHABAMBA;1821,496683
2018;2018-12-01;171325;Oferta publicada;Agua, luz y pavimento;De 500 a 2.000 m2;BOLIVIA;COCHABAMBA;361;COCHABAMBA;1787,573002
2018;2018-12-01;171325;Oferta publicada;Agua, luz y pavimento;Hasta 500 m2;BOLIVIA;COCHABAMBA;941;COCHABAMBA;1170,570423
2018;2018-12-01;171325;Oferta publicada;Agua, luz y pavimento;Hasta 500 m2;BOLIVIA;COCHABAMBA;247;COCHABAMBA;1821,82296
2018;2018-12-01;171325;Oferta publicada;Agua, luz y pavimento;Hasta 500 m2;BOLIVIA;COCHABAMBA;406;COCHABAMBA;3216,628964
2018;2018-12-01;171325;Oferta publicada;Agua, luz y pavimento;De 500 a 2.000 m2;BOLIVIA;COCHABAMBA;297;COCHABAMBA;5674,845773
2018;2018-12-01;171325;Oferta publicada;Agua, luz y pavimento;Hasta 500 m2;BOLIVIA;COCHABAMBA;341;COCHABAMBA;2446,52955
2018;2018-12-01;171325;Oferta publicada;Agua, luz y pavimento;De 500 a 2.000 m2;BOLIVIA;COCHABAMBA;502;COLCAPIRHUA;3783,1436
2018;2018-12-01;171325;Oferta publicada;Agua, luz y pavimento;De 500 a 2.000 m2;BOLIVIA;COCHABAMBA;297;COCHABAMBA;2983,340833
2018;2018-12-01;171325;Oferta publicada;Agua, luz y pavimento;De 500 a 2.000 m2;BOLIVIA;COCHABAMBA;929;COCHABAMBA;1833,689376
2018;2018-12-01;171325;Oferta publicada;Agua, luz y pavimento;Hasta 500 m2;BOLIVIA;COCHABAMBA;150;COCHABAMBA;2844,254111
2018;2018-12-01;171325;Oferta publicada;Agua, luz y pavimento;De 500 a 2.000 m2;BOLIVIA;COCHABAMBA;297;COCHABAMBA;5118,734175
2018;2018-12-01;171325;Oferta publicada;Agua, luz y pavimento;Hasta 500 m2;BOLIVIA;COCHABAMBA;98;COCHABAMBA;7772,601769
2018;2018-12-01;171325;Oferta publicada;Agua, luz y pavimento;De 500 a 2.000 m2;BOLIVIA;COCHABAMBA;157;COCHABAMBA;5073,129839
2018;2018-12-01;171325;Oferta publicada;Agua, luz y pavimento;Hasta 500 m2;BOLIVIA;COCHABAMBA;300;COCHABAMBA;8330,652186
2018;2018-12-01;171325;Oferta publicada;Agua, luz y pavimento;Hasta 500 m2;BOLIVIA;COCHABAMBA;250;COCHABAMBA;8340,346813
2018;2018-12-01;171325;Oferta publicada;Agua, luz y pavimento;Hasta 500 m2;BOLIVIA;COCHABAMBA;300;COCHABAMBA;8062,968713
2018;2018-12-01;171325;Oferta publicada;Agua, luz y pavimento;Hasta 500 m2;BOLIVIA;COCHABAMBA;270;COCHABAMBA;7971,61477
2018;2018-12-01;171325;Oferta publicada;Agua, luz y pavimento;Hasta 500 m2;BOLIVIA;COCHABAMBA;60;COCHABAMBA;8220,092561
2018;2018-12-01;171325;Oferta publicada;Agua, luz y pavimento;Hasta 500 m2;BOLIVIA;COCHABAMBA;250;COCHABAMBA;8352,538997
2018;2018-12-01;171325;Oferta publicada;Agua, luz y pavimento;Hasta 500 m2;BOLIVIA;COCHABAMBA;250;COCHABAMBA;8353,396059
2018;2018-12-01;171325;Oferta publicada;Agua, luz y pavimento;Hasta 500 m2;BOLIVIA;COCHABAMBA;250;COCHABAMBA;8365,320742
2018;2018-12-01;171325;Oferta publicada;Agua, luz y pavimento;Hasta 500 m2;BOLIVIA;COCHABAMBA;250;COCHABAMBA;8390,669251
2018;2018-12-01;171325;Oferta publicada;Agua, luz y pavimento;Hasta 500 m2;BOLIVIA;COCHABAMBA;250;COCHABAMBA;8111,73893
2018;2018-12-01;171325;Oferta publicada;Agua, luz y pavimento;Hasta 500 m2;BOLIVIA;COCHABAMBA;250;COCHABAMBA;8274,942224
2018;2018-12-01;171325;Oferta publicada;Agua, luz y pavimento;Hasta 500 m2;BOLIVIA;COCHABAMBA;250;COCHABAMBA;8289,895644
2018;2018-12-01;171325;Oferta publicada;Agua, luz y pavimento;Hasta 500 m2;BOLIVIA;COCHABAMBA;270;COCHABAMBA;8095,490736
2018;2018-12-01;171325;Oferta publicada;Agua, luz y pavimento;Hasta 500 m2;BOLIVIA;COCHABAMBA;270;COCHABAMBA;8274,086748
2018;2018-12-01;171325;Oferta publicada;Agua, luz y pavimento;Hasta 500 m2;BOLIVIA;COCHABAMBA;250;COCHABAMBA;8114,303908
2018;2018-12-01;171325;Oferta publicada;Agua, luz y pavimento;Hasta 500 m2;BOLIVIA;COCHABAMBA;250;COCHABAMBA;7887,140875
2018;2018-12-01;171325;Oferta publicada;Agua, luz y pavimento;Hasta 500 m2;BOLIVIA;COCHABAMBA;250;COCHABAMBA;7900,10616
2018;2018-12-01;171325;Oferta publicada;Agua, luz y pavimento;Hasta 500 m2;BOLIVIA;COCHABAMBA;250;COCHABAMBA;7838,893154
2018;2018-12-01;171325;Oferta publicada;Agua, luz y pavimento;Hasta 500 m2;BOLIVIA;COCHABAMBA;250;COCHABAMBA;7668,226546
2018;2018-12-01;171325;Oferta publicada;Agua, luz y pavimento;Hasta 500 m2;BOLIVIA;COCHABAMBA;250;COCHABAMBA;7649,144902
2018;2018-12-01;171325;Oferta publicada;Agua, luz y pavimento;Hasta 500 m2;BOLIVIA;COCHABAMBA;250;COCHABAMBA;7652,215829
2018;2018-12-01;171325;Oferta publicada;Agua, luz y pavimento;Hasta 500 m2;BOLIVIA;COCHABAMBA;250;COCHABAMBA;8183,690594
2018;2018-12-01;171325;Oferta publicada;Agua, luz y pavimento;Hasta 500 m2;BOLIVIA;COCHABAMBA;250;COCHABAMBA;8228,729646
2018;2018-12-01;171325;Oferta publicada;Agua, luz y pavimento;Hasta 500 m2;BOLIVIA;COCHABAMBA;250;COCHABAMBA;8284,602596
2018;2018-12-01;171325;Oferta publicada;Agua, luz y pavimento;Hasta 500 m2;BOLIVIA;COCHABAMBA;250;COCHABAMBA;8433,191843
2018;2018-12-01;171325;Oferta publicada;Agua, luz y pavimento;Hasta 500 m2;BOLIVIA;COCHABAMBA;250;COCHABAMBA;8387,931544
2018;2018-12-01;171325;Oferta publicada;Agua, luz y pavimento;Hasta 500 m2;BOLIVIA;COCHABAMBA;250;COCHABAMBA;8170,461067
2018;2018-12-01;171325;Oferta publicada;Agua, luz y pavimento;Hasta 500 m2;BOLIVIA;COCHABAMBA;250;COCHABAMBA;8132,429841
2018;2018-12-01;171325;Oferta publicada;Agua, luz y pavimento;Hasta 500 m2;BOLIVIA;COCHABAMBA;250;COCHABAMBA;8345,366629
2018;2018-12-01;171325;Oferta publicada;Agua, luz y pavimento;Hasta 500 m2;BOLIVIA;COCHABAMBA;250;COCHABAMBA;8050,135428
2018;2018-12-01;171325;Oferta publicada;Agua, luz y pavimento;Hasta 500 m2;BOLIVIA;COCHABAMBA;250;COCHABAMBA;8226,168377
2018;2018-12-01;171325;Oferta publicada;Agua, luz y pavimento;Hasta 500 m2;BOLIVIA;COCHABAMBA;250;COCHABAMBA;7909,168876
2018;2018-12-01;171325;Oferta publicada;Agua, luz y pavimento;Hasta 500 m2;BOLIVIA;COCHABAMBA;250;COCHABAMBA;7832,971123
2018;2018-12-01;171325;Oferta publicada;Agua, luz y pavimento;Hasta 500 m2;BOLIVIA;COCHABAMBA;250;COCHABAMBA;7926,260332
2018;2018-12-01;171325;Oferta publicada;Agua, luz y pavimento;Hasta 500 m2;BOLIVIA;COCHABAMBA;250;COCHABAMBA;7874,370107
2018;2018-12-01;171325;Oferta publicada;Agua, luz y pavimento;Hasta 500 m2;BOLIVIA;COCHABAMBA;250;COCHABAMBA;7971,882536
2018;2018-12-01;171325;Oferta publicada;Agua, luz y pavimento;Hasta 500 m2;BOLIVIA;COCHABAMBA;250;COCHABAMBA;7930,231301
2018;2018-12-01;171325;Oferta publicada;Agua, luz y pavimento;Hasta 500 m2;BOLIVIA;COCHABAMBA;250;COCHABAMBA;8007,632531
2018;2018-12-01;171325;Oferta publicada;Agua, luz y pavimento;Hasta 500 m2;BOLIVIA;COCHABAMBA;250;COCHABAMBA;8053,202344
2018;2018-12-01;171325;Oferta publicada;Agua, luz y pavimento;Hasta 500 m2;BOLIVIA;COCHABAMBA;250;COCHABAMBA;8015,379431
2018;2018-12-01;171325;Oferta publicada;Agua, luz y pavimento;Hasta 500 m2;BOLIVIA;COCHABAMBA;250;COCHABAMBA;7921,307092
2018;2018-12-01;171325;Oferta publicada;Agua, luz y pavimento;Hasta 500 m2;BOLIVIA;COCHABAMBA;250;COCHABAMBA;8002,032426
2018;2018-12-01;171325;Oferta publicada;Agua, luz y pavimento;Hasta 500 m2;BOLIVIA;COCHABAMBA;250;COCHABAMBA;7427,461803
2018;2018-12-01;171325;Oferta publicada;Agua, luz y pavimento;Hasta 500 m2;BOLIVIA;COCHABAMBA;260;COCHABAMBA;7443,913765
2018;2018-12-01;171325;Oferta publicada;Agua, luz y pavimento;Hasta 500 m2;BOLIVIA;COCHABAMBA;300;COCHABAMBA;7406,153037
2018;2018-12-01;171325;Oferta publicada;Agua, luz y pavimento;Hasta 500 m2;BOLIVIA;COCHABAMBA;250;COCHABAMBA;7377,656015
2018;2018-12-01;171325;Oferta publicada;Agua, luz y pavimento;Hasta 500 m2;BOLIVIA;COCHABAMBA;250;COCHABAMBA;8288,476181
2018;2018-12-01;171325;Oferta publicada;Agua, luz y pavimento;Hasta 500 m2;BOLIVIA;COCHABAMBA;250;COCHABAMBA;8420,552412
2018;2018-12-01;171325;Oferta publicada;Agua, luz y pavimento;Hasta 500 m2;BOLIVIA;COCHABAMBA;250;COCHABAMBA;8257,93399
2018;2018-12-01;171325;Oferta publicada;Agua, luz y pavimento;Hasta 500 m2;BOLIVIA;COCHABAMBA;250;COCHABAMBA;8173,489086
2018;2018-12-01;171325;Oferta publicada;Agua, luz y pavimento;Hasta 500 m2;BOLIVIA;COCHABAMBA;250;COCHABAMBA;8033,426745
2018;2018-12-01;171325;Oferta publicada;Agua, luz y pavimento;Hasta 500 m2;BOLIVIA;COCHABAMBA;250;COCHABAMBA;7762,112591
2018;2018-12-01;171325;Oferta publicada;Agua, luz y pavimento;Hasta 500 m2;BOLIVIA;COCHABAMBA;250;COCHABAMBA;7808,75503
2018;2018-12-01;171325;Oferta publicada;Agua, luz y pavimento;Hasta 500 m2;BOLIVIA;COCHABAMBA;227;COCHABAMBA;7798,489696
2018;2018-12-01;171325;Oferta publicada;Agua, luz y pavimento;Hasta 500 m2;BOLIVIA;COCHABAMBA;250;COCHABAMBA;7885,410835
2018;2018-12-01;171325;Oferta publicada;Agua, luz y pavimento;Hasta 500 m2;BOLIVIA;SACABA;173;COCHABAMBA;4170,026784
2018;2018-12-01;171325;Oferta publicada;Agua, luz y pavimento;De 500 a 2.000 m2;BOLIVIA;SACABA;200;COCHABAMBA;4532,205516
2018;2018-12-01;171325;Oferta publicada;Agua, luz y pavimento;Hasta 500 m2;BOLIVIA;SACABA;207;COCHABAMBA;3575,215968
2018;2018-12-01;171325;Oferta publicada;Agua, luz y pavimento;De 500 a 2.000 m2;BOLIVIA;SACABA;200;COCHABAMBA;4384,393096
2018;2018-12-01;171325;Oferta publicada;Agua, luz y pavimento;Hasta 500 m2;BOLIVIA;SACABA;208;COCHABAMBA;4797,923052
2018;2018-12-01;171325;Oferta publicada;Agua, luz y pavimento;Hasta 500 m2;BOLIVIA;SACABA;236;COCHABAMBA;4457,569862
2018;2018-12-01;171325;Oferta publicada;Agua, luz y pavimento;Hasta 500 m2;BOLIVIA;SACABA;167;COCHABAMBA;3893,826195
2018;2018-12-01;171325;Oferta publicada;Agua, luz y pavimento;Hasta 500 m2;BOLIVIA;SACABA;100;COCHABAMBA;4778,418082
2018;2018-12-01;171325;Oferta publicada;Agua, luz y pavimento;De 500 a 2.000 m2;BOLIVIA;SACABA;51;SACABA;2764,127
2018;2018-12-01;171325;Oferta publicada;Agua, luz y pavimento;De 500 a 2.000 m2;BOLIVIA;SACABA;52;SACABA;2766,296647
2018;2018-12-01;171325;Oferta publicada;Agua, luz y pavimento;De 500 a 2.000 m2;BOLIVIA;SACABA;50;SACABA;2767,276811
2018;2018-12-01;171325;Oferta publicada;Agua, luz y pavimento;De 500 a 2.000 m2;BOLIVIA;SACABA;50;SACABA;2668,172694
2018;2018-12-01;171325;Oferta publicada;Agua, luz y pavimento;De 500 a 2.000 m2;BOLIVIA;SACABA;53;SACABA;2642,106378
2018;2018-12-01;171325;Oferta publicada;Agua, luz y pavimento;De 500 a 2.000 m2;BOLIVIA;SACABA;45;SACABA;2953,338842
2018;2018-12-01;171325;Oferta publicada;Agua, luz y pavimento;De 500 a 2.000 m2;BOLIVIA;SACABA;43;SACABA;2896,029118
2018;2018-12-01;171325;Oferta publicada;Agua, luz y pavimento;De 500 a 2.000 m2;BOLIVIA;SACABA;41;SACABA;3033,057171
2018;2018-12-01;171325;Oferta publicada;Agua, luz y pavimento;De 500 a 2.000 m2;BOLIVIA;SACABA;37;SACABA;3111,096438
2018;2018-12-01;171325;Oferta publicada;Agua, luz y pavimento;De 500 a 2.000 m2;BOLIVIA;SACABA;33;SACABA;3039,706455
2018;2018-12-01;171325;Oferta publicada;Agua, luz y pavimento;De 500 a 2.000 m2;BOLIVIA;SACABA;123;SACABA;2224,150847
2018;2018-12-01;171325;Oferta publicada;Agua, luz y pavimento;Hasta 500 m2;BOLIVIA;SACABA;76;SACABA;2060,449233
2018;2018-12-01;171325;Oferta publicada;Agua, luz y pavimento;Hasta 500 m2;BOLIVIA;SACABA;112;SACABA;1820,666209
2018;2018-12-01;171325;Oferta publicada;Agua, luz y pavimento;De 2.000 a 10.000 m2;BOLIVIA;SACABA;115;SACABA;1770,620544
2018;2018-12-01;171325;Oferta publicada;Agua, luz y pavimento;De 500 a 2.000 m2;BOLIVIA;SACABA;99;SACABA;1905,813124
2018;2018-12-01;171325;Oferta publicada;Agua, luz y pavimento;Hasta 500 m2;BOLIVIA;SACABA;104;SACABA;2004,519272
2018;2018-12-01;171325;Oferta publicada;Agua, luz y pavimento;De 500 a 2.000 m2;BOLIVIA;SACABA;83;SACABA;1979,595285
2018;2018-12-01;171325;Oferta publicada;Agua, luz y pavimento;Hasta 500 m2;BOLIVIA;SACABA;91;SACABA;2043,354552
2018;2018-12-01;171325;Oferta publicada;Agua, luz y pavimento;De 500 a 2.000 m2;BOLIVIA;SACABA;95;SACABA;1883,978844
2018;2018-12-01;171325;Oferta publicada;Agua, luz y pavimento;De 500 a 2.000 m2;BOLIVIA;SACABA;100;SACABA;2001,195645
2018;2018-12-01;171325;Oferta publicada;Agua, luz y pavimento;De 500 a 2.000 m2;BOLIVIA;SACABA;72;SACABA;2165,989917
2018;2018-12-01;171325;Oferta publicada;Agua, luz y pavimento;De 500 a 2.000 m2;BOLIVIA;SACABA;84;SACABA;2077,253815
2018;2018-12-01;171325;Oferta publicada;Agua, luz y pavimento;De 500 a 2.000 m2;BOLIVIA;SACABA;90;SACABA;2024,649319
2018;2018-12-01;171325;Oferta publicada;Agua, luz y pavimento;Hasta 500 m2;BOLIVIA;SACABA;84;SACABA;1949,372572
2018;2018-12-01;171325;Oferta publicada;Agua, luz y pavimento;Hasta 500 m2;BOLIVIA;SACABA;86;SACABA;1931,979242
2018;2018-12-01;171325;Oferta publicada;Agua, luz y pavimento;De 500 a 2.000 m2;BOLIVIA;SACABA;88;SACABA;2044,619674
2018;2018-12-01;171325;Oferta publicada;Agua, luz y pavimento;Hasta 500 m2;BOLIVIA;SACABA;95;SACABA;1857,474165
2018;2018-12-01;171325;Oferta publicada;Agua, luz y pavimento;Hasta 500 m2;BOLIVIA;SACABA;137;SACABA;2273,060841
2018;2018-12-01;171325;Oferta publicada;Agua, luz y pavimento;Hasta 500 m2;BOLIVIA;SACABA;142;SACABA;2230,285059
2018;2018-12-01;171325;Oferta publicada;Agua, luz y pavimento;Hasta 500 m2;BOLIVIA;SACABA;109;SACABA;2031,761027
2018;2018-12-01;171325;Oferta publicada;Agua, luz y pavimento;Hasta 500 m2;BOLIVIA;SACABA;96;SACABA;1974,159583
2018;2018-12-01;171325;Oferta publicada;Agua, luz y pavimento;Hasta 500 m2;BOLIVIA;SACABA;95;SACABA;2002,925487
2018;2018-12-01;171325;Oferta publicada;Agua, luz y pavimento;Hasta 500 m2;BOLIVIA;SACABA;110;SACABA;1988,61425
2018;2018-12-01;171325;Oferta publicada;Agua, luz y pavimento;Hasta 500 m2;BOLIVIA;SACABA;148;SACABA;2441,756727
2018;2018-12-01;171325;Oferta publicada;Agua, luz y pavimento;De 500 a 2.000 m2;BOLIVIA;SACABA;53;SACABA;2469,810578
2018;2018-12-01;171325;Oferta publicada;Agua, luz y pavimento;De 500 a 2.000 m2;BOLIVIA;SACABA;50;SACABA;2520,800964
2018;2018-12-01;171325;Oferta publicada;Agua, luz y pavimento;De 2.000 a 10.000 m2;BOLIVIA;SACABA;92;SACABA;2541,032193
2018;2018-12-01;171325;Oferta publicada;Agua, luz y pavimento;Hasta 500 m2;BOLIVIA;SACABA;135;SACABA;2424,901277
2018;2018-12-01;171325;Oferta publicada;Agua, luz y pavimento;De 500 a 2.000 m2;BOLIVIA;SACABA;132;SACABA;2307,194776
2018;2018-12-01;171325;Oferta publicada;Agua, luz y pavimento;Hasta 500 m2;BOLIVIA;SACABA;130;SACABA;2162,402721
2018;2018-12-01;171325;Oferta publicada;Agua, luz y pavimento;De 500 a 2.000 m2;BOLIVIA;SACABA;131;SACABA;2398,493106
2018;2018-12-01;171325;Oferta publicada;Agua, luz y pavimento;Hasta 500 m2;BOLIVIA;SACABA;129;SACABA;2060,614579
2018;2018-12-01;171325;Oferta publicada;Agua, luz y pavimento;De 500 a 2.000 m2;BOLIVIA;SACABA;93;SACABA;2275,412974
2018;2018-12-01;171325;Oferta publicada;Agua, luz y pavimento;De 2.000 a 10.000 m2;BOLIVIA;SACABA;83;SACABA;2302,015006
2018;2018-12-01;171325;Oferta publicada;Agua, luz y pavimento;Hasta 500 m2;BOLIVIA;SACABA;145;SACABA;2324,787897
2018;2018-12-01;171325;Oferta publicada;Agua, luz y pavimento;Hasta 500 m2;BOLIVIA;SACABA;146;SACABA;2379,999977
2018;2018-12-01;171325;Oferta publicada;Agua, luz y pavimento;De 500 a 2.000 m2;BOLIVIA;SACABA;74;SACABA;2171,75185
2018;2018-12-01;171325;Oferta publicada;Agua, luz y pavimento;De 500 a 2.000 m2;BOLIVIA;SACABA;88;SACABA;2122,922371
2018;2018-12-01;171325;Oferta publicada;Agua, luz y pavimento;Hasta 500 m2;BOLIVIA;SACABA;120;SACABA;2118,253304
2018;2018-12-01;171325;Oferta publicada;Agua, luz y pavimento;De 500 a 2.000 m2;BOLIVIA;SACABA;44;SACABA;2934,10198
2018;2018-12-01;171325;Oferta publicada;Agua, luz y pavimento;De 500 a 2.000 m2;BOLIVIA;SACABA;40;SACABA;2760,682536
2018;2018-12-01;171325;Oferta publicada;Agua, luz y pavimento;De 500 a 2.000 m2;BOLIVIA;SACABA;39;SACABA;2656,067656
2018;2018-12-01;171325;Oferta publicada;Agua, luz y pavimento;De 500 a 2.000 m2;BOLIVIA;SACABA;45;SACABA;2754,362082
2018;2018-12-01;171325;Oferta publicada;Agua, luz y pavimento;De 500 a 2.000 m2;BOLIVIA;SACABA;50;SACABA;2537,795855
2018;2018-12-01;171325;Oferta publicada;Agua, luz y pavimento;De 500 a 2.000 m2;BOLIVIA;SACABA;93;SACABA;2800,351509
2018;2018-12-01;171325;Oferta publicada;Agua, luz y pavimento;Hasta 500 m2;BOLIVIA;SACABA;110;SACABA;2826,681407
2018;2018-12-01;171325;Oferta publicada;Agua, luz y pavimento;Hasta 500 m2;BOLIVIA;SACABA;70;SACABA;2848,394596
2018;2018-12-01;171325;Oferta publicada;Agua, luz y pavimento;De 500 a 2.000 m2;BOLIVIA;SACABA;80;SACABA;2935,454504
2018;2018-12-01;171325;Oferta publicada;Agua, luz y pavimento;Hasta 500 m2;BOLIVIA;SACABA;80;SACABA;1881,480426
2018;2018-12-01;171325;Oferta publicada;Agua, luz y pavimento;Hasta 500 m2;BOLIVIA;SACABA;84;SACABA;1787,619215
2018;2018-12-01;171325;Oferta publicada;Agua, luz y pavimento;Hasta 500 m2;BOLIVIA;SACABA;85;SACABA;1696,96946
2018;2018-12-01;171325;Oferta publicada;Agua, luz y pavimento;De 500 a 2.000 m2;BOLIVIA;SACABA;37;SACABA;2603,150925
2018;2018-12-01;171325;Oferta publicada;Agua, luz y pavimento;De 500 a 2.000 m2;BOLIVIA;SACABA;39;SACABA;2734,683517
2018;2018-12-01;171325;Oferta publicada;Agua, luz y pavimento;De 500 a 2.000 m2;BOLIVIA;SACABA;33;SACABA;2673,160462
2018;2018-12-01;171325;Oferta publicada;Agua, luz y pavimento;De 500 a 2.000 m2;BOLIVIA;SACABA;42;SACABA;2422,320836
2018;2018-12-01;171325;Oferta publicada;Agua, luz y pavimento;De 500 a 2.000 m2;BOLIVIA;SACABA;35;SACABA;2129,006244
2018;2018-12-01;171325;Oferta publicada;Agua, luz y pavimento;De 500 a 2.000 m2;BOLIVIA;SACABA;30;SACABA;1925,613688
2018;2018-12-01;171325;Oferta publicada;Agua, luz y pavimento;De 500 a 2.000 m2;BOLIVIA;SACABA;40;SACABA;2844,901333
2018;2018-12-01;171325;Oferta publicada;Agua, luz y pavimento;De 500 a 2.000 m2;BOLIVIA;SACABA;57;SACABA;2669,255887
2018;2018-12-01;171325;Oferta publicada;Agua, luz y pavimento;De 500 a 2.000 m2;BOLIVIA;SACABA;53;SACABA;2882,888843
2018;2018-12-01;171325;Oferta publicada;Agua, luz y pavimento;De 500 a 2.000 m2;BOLIVIA;SACABA;44;SACABA;2992,867792
2018;2018-12-01;171325;Oferta publicada;Agua, luz y pavimento;De 500 a 2.000 m2;BOLIVIA;SACABA;40;SACABA;2882,447447
2018;2018-12-01;171325;Oferta publicada;Agua, luz y pavimento;De 500 a 2.000 m2;BOLIVIA;SACABA;50;SACABA;2733,969498
2018;2018-12-01;171325;Oferta publicada;Agua, luz y pavimento;De 500 a 2.000 m2;BOLIVIA;SACABA;53;SACABA;2677,557422
2018;2018-12-01;171325;Oferta publicada;Agua, luz y pavimento;De 500 a 2.000 m2;BOLIVIA;SACABA;35;SACABA;2587,064219
2018;2018-12-01;171325;Oferta publicada;Agua, luz y pavimento;De 500 a 2.000 m2;BOLIVIA;SACABA;145;SACABA;2444,732173
2018;2018-12-01;171325;Oferta publicada;Agua, luz y pavimento;De 500 a 2.000 m2;BOLIVIA;SACABA;138;SACABA;2400,803352
2018;2018-12-01;171325;Oferta publicada;Agua, luz y pavimento;Hasta 500 m2;BOLIVIA;SACABA;143;SACABA;2249,096479
2018;2018-12-01;171325;Oferta publicada;Agua, luz y pavimento;Hasta 500 m2;BOLIVIA;SACABA;140;SACABA;2276,272099
2018;2018-12-01;171325;Oferta publicada;Agua, luz y pavimento;Hasta 500 m2;BOLIVIA;SACABA;116;SACABA;2008,798588
2018;2018-12-01;171325;Oferta publicada;Agua, luz y pavimento;Hasta 500 m2;BOLIVIA;SACABA;110;SACABA;2000,815024
2018;2018-12-01;171325;Oferta publicada;Agua, luz y pavimento;Hasta 500 m2;BOLIVIA;SACABA;113;SACABA;1953,420188
2018;2018-12-01;171325;Oferta publicada;Agua, luz y pavimento;Hasta 500 m2;BOLIVIA;SACABA;110;SACABA;2041,074385
2018;2018-12-01;171325;Oferta publicada;Agua, luz y pavimento;Hasta 500 m2;BOLIVIA;SACABA;116;SACABA;1940,358486
2018;2018-12-01;171325;Oferta publicada;Agua, luz y pavimento;Hasta 500 m2;BOLIVIA;SACABA;110;SACABA;1858,410717
2018;2018-12-01;171325;Oferta publicada;Agua, luz y pavimento;Hasta 500 m2;BOLIVIA;SACABA;145;SACABA;2298,975725
2018;2018-12-01;171325;Oferta publicada;Agua, luz y pavimento;Hasta 500 m2;BOLIVIA;SACABA;146;SACABA;2314,236383
2018;2018-12-01;171325;Oferta publicada;Agua, luz y pavimento;De 500 a 2.000 m2;BOLIVIA;SACABA;145;SACABA;2408,964741
2018;2018-12-01;171325;Oferta publicada;Agua, luz y pavimento;Hasta 500 m2;BOLIVIA;SACABA;110;SACABA;2053,127571
2018;2018-12-01;171325;Oferta publicada;Agua, luz y pavimento;Hasta 500 m2;BOLIVIA;SACABA;110;SACABA;2021,756676
2018;2018-12-01;171325;Oferta publicada;Agua, luz y pavimento;Hasta 500 m2;BOLIVIA;SACABA;110;SACABA;1846,724752
2018;2018-12-01;171325;Oferta publicada;Agua, luz y pavimento;Hasta 500 m2;BOLIVIA;SACABA;110;SACABA;1854,148196
2018;2018-12-01;171325;Oferta publicada;Agua, luz y pavimento;Hasta 500 m2;BOLIVIA;SACABA;110;SACABA;1933,713592
2018;2018-12-01;171325;Oferta publicada;Agua, luz y pavimento;De 500 a 2.000 m2;BOLIVIA;SACABA;145;SACABA;2021,789742
2018;2018-12-01;171325;Oferta publicada;Agua, luz y pavimento;Hasta 500 m2;BOLIVIA;SACABA;130;SACABA;1943,604924
2018;2018-12-01;171325;Oferta publicada;Agua, luz y pavimento;Hasta 500 m2;BOLIVIA;SACABA;145;SACABA;2238,245013
2018;2018-12-01;171325;Oferta publicada;Agua, luz y pavimento;Hasta 500 m2;BOLIVIA;SACABA;145;SACABA;2064,171404
2018;2018-12-01;171325;Oferta publicada;Agua, luz y pavimento;De 500 a 2.000 m2;BOLIVIA;SACABA;80;SACABA;2041,388864
2018;2018-12-01;171325;Oferta publicada;Agua, luz y pavimento;De 500 a 2.000 m2;BOLIVIA;SACABA;100;SACABA;2179,733464
2018;2018-12-01;171325;Oferta publicada;Agua, luz y pavimento;De 500 a 2.000 m2;BOLIVIA;SACABA;100;SACABA;2306,736709
2018;2018-12-01;171325;Oferta publicada;Agua, luz y pavimento;De 500 a 2.000 m2;BOLIVIA;SAN BENITO;70;SAN BENITO;596,5853617
2018;2018-12-01;171325;Oferta publicada;Agua, luz y pavimento;De 500 a 2.000 m2;BOLIVIA;SAN BENITO;75;SAN BENITO;296,864835
2018;2018-12-01;171325;Oferta publicada;Agua, luz y pavimento;De 500 a 2.000 m2;BOLIVIA;SAN BENITO;35;SAN BENITO;697,9585745
2018;2018-12-01;171325;Oferta publicada;Agua, luz y pavimento;De 2.000 a 10.000 m2;BOLIVIA;SAN BENITO;15;SAN BENITO;954,3105413
2018;2018-12-01;171325;Oferta publicada;Agua, luz y pavimento;Hasta 500 m2;BOLIVIA;SAN BENITO;5;SAN BENITO;802,9041266
2018;2018-12-01;171325;Oferta publicada;Agua, luz y pavimento;Hasta 500 m2;BOLIVIA;SAN BENITO;83;SAN BENITO;793,7647682
2018;2018-12-01;171325;Oferta publicada;Agua, luz y pavimento;Hasta 500 m2;BOLIVIA;SAN BENITO;82;SAN BENITO;1182,001995
2018;2018-12-01;171325;Oferta publicada;Agua, luz y pavimento;De 500 a 2.000 m2;BOLIVIA;SAN BENITO;53;SAN BENITO;1664,556431
2018;2018-12-01;171325;Oferta publicada;Agua, luz y pavimento;Hasta 500 m2;BOLIVIA;SAN BENITO;63;SAN BENITO;1548,66388
2018;2018-12-01;171325;Oferta publicada;Agua, luz y pavimento;Hasta 500 m2;BOLIVIA;SAN BENITO;14;SAN BENITO;1464,665452
2018;2018-12-01;171325;Oferta publicada;Agua, luz y pavimento;Hasta 500 m2;BOLIVIA;SAN BENITO;8;SAN BENITO;1558,905222
2018;2018-12-01;171325;Oferta publicada;Agua, luz y pavimento;De 500 a 2.000 m2;BOLIVIA;SAN BENITO;24;SAN BENITO;1607,880462
2018;2018-12-01;171325;Oferta publicada;Agua, luz y pavimento;Hasta 500 m2;BOLIVIA;SAN BENITO;76;SAN BENITO;1813,818798
2018;2018-12-01;171325;Oferta publicada;Agua, luz y pavimento;Hasta 500 m2;BOLIVIA;SAN BENITO;12;SAN BENITO;813,2093584
2018;2018-12-01;171325;Oferta publicada;Agua, luz y pavimento;Hasta 500 m2;BOLIVIA;SAN BENITO;90;SAN BENITO;1026,71184
2018;2018-12-01;171325;Oferta publicada;Agua, luz y pavimento;Hasta 500 m2;BOLIVIA;SAN BENITO;55;SAN BENITO;1940,120164
2018;2018-12-01;171325;Oferta publicada;Agua, luz y pavimento;Hasta 500 m2;BOLIVIA;SAN BENITO;90;SAN BENITO;1833,168429
2018;2018-12-01;171325;Oferta publicada;Agua, luz y pavimento;Hasta 500 m2;BOLIVIA;SAN BENITO;12;SAN BENITO;687,345356
2018;2018-12-01;171325;Oferta publicada;Agua, luz y pavimento;Hasta 500 m2;BOLIVIA;SAN BENITO;36;SAN BENITO;749,5321442
2018;2018-12-01;171325;Oferta publicada;Agua, luz y pavimento;Hasta 500 m2;BOLIVIA;SAN BENITO;36;SAN BENITO;2415,894255
2018;2018-12-01;171325;Oferta publicada;Agua, luz y pavimento;Hasta 500 m2;BOLIVIA;SAN BENITO;50;SAN BENITO;2030,973125
2018;2018-12-01;171325;Oferta publicada;Agua, luz y pavimento;Hasta 500 m2;BOLIVIA;SAN BENITO;13;SAN BENITO;962,745201
2018;2018-12-01;171325;Oferta publicada;Agua, luz y pavimento;Hasta 500 m2;BOLIVIA;SAN BENITO;35;SAN BENITO;1944,956622
2018;2018-12-01;171325;Oferta publicada;Agua, luz y pavimento;De 500 a 2.000 m2;BOLIVIA;SAN BENITO;48;SAN BENITO;2141,449325
2018;2018-12-01;171325;Oferta publicada;Agua, luz y pavimento;De 500 a 2.000 m2;BOLIVIA;SAN BENITO;72;SAN BENITO;1816,956199
2018;2018-12-01;171325;Oferta publicada;Agua, luz y pavimento;De 500 a 2.000 m2;BOLIVIA;SAN BENITO;70;SAN BENITO;2073,378795
2018;2018-12-01;171325;Oferta publicada;Agua, luz y pavimento;De 500 a 2.000 m2;BOLIVIA;SAN BENITO;10;SAN BENITO;672,5530602
2018;2018-12-01;171325;Oferta publicada;Agua, luz y pavimento;Hasta 500 m2;BOLIVIA;SAN BENITO;120;SAN BENITO;653,8599496
2018;2018-12-01;171325;Oferta publicada;Agua, luz y pavimento;Hasta 500 m2;BOLIVIA;SAN BENITO;50;SAN BENITO;2249,991747
2018;2018-12-01;171325;Oferta publicada;Agua, luz y pavimento;Hasta 500 m2;BOLIVIA;SAN BENITO;50;SAN BENITO;2282,757802
2018;2018-12-01;171325;Oferta publicada;Agua, luz y pavimento;Hasta 500 m2;BOLIVIA;SAN BENITO;50;SAN BENITO;2265,89061
2018;2018-12-01;171325;Oferta publicada;Agua, luz y pavimento;Hasta 500 m2;BOLIVIA;SAN BENITO;50;SAN BENITO;2150,486347
2018;2018-12-01;171325;Oferta publicada;Agua, luz y pavimento;Hasta 500 m2;BOLIVIA;SAN BENITO;50;SAN BENITO;2188,941604
2018;2018-12-01;171325;Oferta publicada;Agua, luz y pavimento;Hasta 500 m2;BOLIVIA;SAN BENITO;50;SAN BENITO;2205,397799
2018;2018-12-01;171325;Oferta publicada;Agua, luz y pavimento;Hasta 500 m2;BOLIVIA;SAN BENITO;50;SAN BENITO;2243,457581
2018;2018-12-01;171325;Oferta publicada;Agua, luz y pavimento;Hasta 500 m2;BOLIVIA;SAN BENITO;50;SAN BENITO;2217,160994
2018;2018-12-01;171325;Oferta publicada;Agua, luz y pavimento;Hasta 500 m2;BOLIVIA;SAN BENITO;50;SAN BENITO;2153,301542
2018;2018-12-01;171325;Oferta publicada;Agua, luz y pavimento;Hasta 500 m2;BOLIVIA;SAN BENITO;50;SAN BENITO;1926,424759
2018;2018-12-01;171325;Oferta publicada;Agua, luz y pavimento;Hasta 500 m2;BOLIVIA;SAN BENITO;50;SAN BENITO;1931,335879
2018;2018-12-01;171325;Oferta publicada;Agua, luz y pavimento;Hasta 500 m2;BOLIVIA;SAN BENITO;50;SAN BENITO;2183,990108
2018;2018-12-01;171325;Oferta publicada;Agua, luz y pavimento;Hasta 500 m2;BOLIVIA;SAN BENITO;175;SAN BENITO;2061,867404
2018;2018-12-01;171325;Oferta publicada;Agua, luz y pavimento;De 500 a 2.000 m2;BOLIVIA;SAN BENITO;15;SAN BENITO;1432,133481
2018;2018-12-01;171325;Oferta publicada;Agua, luz y pavimento;Hasta 500 m2;BOLIVIA;SAN BENITO;32;SAN BENITO;1529,969611
2018;2018-12-01;171325;Oferta publicada;Agua, luz y pavimento;Hasta 500 m2;BOLIVIA;SAN BENITO;32;SAN BENITO;954,8151943
2018;2018-12-01;171325;Oferta publicada;Agua, luz y pavimento;De 500 a 2.000 m2;BOLIVIA;SAN BENITO;8;SAN BENITO;1993,612904
2018;2018-12-01;171325;Oferta publicada;Agua, luz y pavimento;De 500 a 2.000 m2;BOLIVIA;SAN BENITO;9;SAN BENITO;1079,168741
2018;2018-12-01;171325;Oferta publicada;Agua, luz y pavimento;Hasta 500 m2;BOLIVIA;SAN BENITO;50;SAN BENITO;1352,997217
2018;2018-12-01;171325;Oferta publicada;Agua, luz y pavimento;Hasta 500 m2;BOLIVIA;SAN BENITO;40;SAN BENITO;1128,451718
2018;2018-12-01;171325;Oferta publicada;Agua, luz y pavimento;Hasta 500 m2;BOLIVIA;SAN BENITO;16;SAN BENITO;1749,32925
2018;2018-12-01;171325;Oferta publicada;Agua, luz y pavimento;Hasta 500 m2;BOLIVIA;SAN BENITO;65;SAN BENITO;1942,723726
2018;2018-12-01;171325;Oferta publicada;Agua, luz y pavimento;Hasta 500 m2;BOLIVIA;SAN BENITO;32;SAN BENITO;2137,220495
2018;2018-12-01;171325;Oferta publicada;Agua, luz y pavimento;Hasta 500 m2;BOLIVIA;SAN BENITO;37;SAN BENITO;2445,001619
2018;2018-12-01;171325;Oferta publicada;Agua, luz y pavimento;Hasta 500 m2;BOLIVIA;SAN BENITO;31;SAN BENITO;410,9260531
2018;2018-12-01;171325;Oferta publicada;Agua, luz y pavimento;De 500 a 2.000 m2;BOLIVIA;SAN BENITO;37;SAN BENITO;1577,088396
2018;2018-12-01;171325;Oferta publicada;Agua, luz y pavimento;De 500 a 2.000 m2;BOLIVIA;SAN BENITO;35;SAN BENITO;1839,332497
2018;2018-12-01;171325;Oferta publicada;Agua, luz y pavimento;Hasta 500 m2;BOLIVIA;SAN BENITO;67;SAN BENITO;1279,26251
2018;2018-12-01;171325;Oferta publicada;Agua, luz y pavimento;De 500 a 2.000 m2;BOLIVIA;SAN BENITO;78;SAN BENITO;1250,729705
2018;2018-10-24;154624;Tasacion o avaluo particular;Agua, luz y pavimento;De 500 a 2.000 m2;BOLIVIA;COCHABAMBA;1060;COCHABAMBA;2803,683123
2018;2018-12-04;157492;Tasacion o avaluo particular;Agua, luz y pavimento;Hasta 500 m2;BOLIVIA;QUILLACOLLO;304;QUILLACOLLO;450,3475297
2017;2017-10-21;132412;Oferta publicada;Agua, luz y pavimento;Hasta 500 m2;BOLIVIA;COCHABAMBA;916;COCHABAMBA;484,2
2017;2017-10-21;132412;Oferta publicada;Agua, luz y pavimento;Hasta 500 m2;BOLIVIA;COCHABAMBA;890;COCHABAMBA;1101,47
2017;2017-10-21;132412;Oferta publicada;Agua, luz y pavimento;Hasta 500 m2;BOLIVIA;COCHABAMBA;507;SACABA;6162,42
2017;2017-10-21;132412;Oferta publicada;Agua, luz y pavimento;Hasta 500 m2;BOLIVIA;COCHABAMBA;829;COCHABAMBA;1543,18
2017;2017-10-21;132412;Oferta publicada;Agua, luz y pavimento;Hasta 500 m2;BOLIVIA;COCHABAMBA;969;COCHABAMBA;1318,08
2017;2017-10-21;132412;Oferta publicada;Agua, luz y pavimento;Hasta 500 m2;BOLIVIA;COCHABAMBA;526;COCHABAMBA;4459,63
2017;2017-10-21;132412;Oferta publicada;Agua, luz y pavimento;Hasta 500 m2;BOLIVIA;COCHABAMBA;692;COCHABAMBA;1368,18
2017;2017-10-21;133440;Oferta publicada;Agua, luz y pavimento;Hasta 500 m2;BOLIVIA;COCHABAMBA;1003;COCHABAMBA;3216,12
2017;2017-10-21;132412;Oferta publicada;Agua, luz y pavimento;Hasta 500 m2;BOLIVIA;COCHABAMBA;878;COCHABAMBA;2472,26
2017;2017-10-22;133440;Oferta publicada;Agua, luz y pavimento;Hasta 500 m2;BOLIVIA;COCHABAMBA;530;COCHABAMBA;2301,04
2017;2017-11-02;132412;Oferta publicada;Agua, luz y pavimento;Hasta 500 m2;BOLIVIA;COCHABAMBA;854;COCHABAMBA;2314,13
2017;2017-11-02;132412;Oferta publicada;Agua, luz y pavimento;Hasta 500 m2;BOLIVIA;COCHABAMBA;460;COCHABAMBA;3001,19
2017;2017-11-02;133440;Oferta publicada;Agua y luz;Hasta 500 m2;BOLIVIA;TIQUIPAYA;350;TIQUIPAYA;1808,51
2017;2017-10-21;133440;Oferta publicada;Agua, luz y pavimento;Hasta 500 m2;BOLIVIA;COCHABAMBA;1000;COCHABAMBA;3048,6
2017;2017-10-21;132412;Oferta publicada;Agua, luz y pavimento;De 500 a 2.000 m2;BOLIVIA;COCHABAMBA;798;COCHABAMBA;1047,46
2017;2017-10-21;133440;Oferta publicada;Agua, luz y pavimento;Hasta 500 m2;BOLIVIA;COCHABAMBA;391;COCHABAMBA;1780,04
2017;2017-10-30;133440;Oferta publicada;Agua y luz;Hasta 500 m2;BOLIVIA;TIQUIPAYA;300;TIQUIPAYA;1531,41
2017;2017-10-30;133440;Oferta publicada;Agua y luz;Hasta 500 m2;BOLIVIA;COCHABAMBA;300;COCHABAMBA;4431,36
2017;2017-10-30;133440;Oferta publicada;Agua y luz;Hasta 500 m2;BOLIVIA;SACABA;257;SACABA;1767,45
2017;2017-10-30;133440;Oferta publicada;Agua y luz;De 500 a 2.000 m2;BOLIVIA;SACABA;150;SACABA;5212,08
2017;2017-11-02;133440;Oferta publicada;Agua, luz y pavimento;Hasta 500 m2;BOLIVIA;COCHABAMBA;1285;COCHABAMBA;1882,22
2017;2017-11-02;133440;Oferta publicada;Agua, luz y pavimento;Hasta 500 m2;BOLIVIA;COCHABAMBA;1000;COCHABAMBA;2892,76
2017;2017-11-02;133440;Oferta publicada;Agua y luz;Hasta 500 m2;BOLIVIA;COCHABAMBA;525;COCHABAMBA;4242,64
2017;2017-11-02;133440;Oferta publicada;Agua y luz;De 500 a 2.000 m2;BOLIVIA;TIQUIPAYA;325;TIQUIPAYA;1168,2
2017;2017-10-30;133862;Oferta publicada;Agua, luz y pavimento;Hasta 500 m2;BOLIVIA;COCHABAMBA;284;COCHABAMBA;3764,22
2017;2017-10-30;133862;Oferta publicada;Agua y luz;Hasta 500 m2;BOLIVIA;SACABA;159;SACABA;3881,51
2017;2017-10-30;133862;Oferta publicada;Agua y luz;Hasta 500 m2;BOLIVIA;SACABA;236;SACABA;5269,17
2017;2017-10-30;133862;Oferta publicada;Agua, luz y pavimento;Hasta 500 m2;BOLIVIA;TIQUIPAYA;112;TIQUIPAYA;1324,21
2017;2017-10-30;133862;Oferta publicada;Agua y luz;Hasta 500 m2;BOLIVIA;TIQUIPAYA;207;TIQUIPAYA;2602,48
2017;2017-11-02;133862;Oferta publicada;Agua y luz;Hasta 500 m2;BOLIVIA;TIQUIPAYA;514;TIQUIPAYA;947,31
2017;2017-11-02;133862;Oferta publicada;Agua, luz y pavimento;Hasta 500 m2;BOLIVIA;QUILLACOLLO;442;QUILLACOLLO;1121,47
2017;2017-11-02;133862;Oferta publicada;Agua, luz y pavimento;Hasta 500 m2;BOLIVIA;COCHABAMBA;548;COCHABAMBA;1636,54
2017;2017-10-30;133862;Oferta publicada;Agua y luz;Hasta 500 m2;BOLIVIA;COCHABAMBA;102;COCHABAMBA;6161,27
2017;2017-10-21;133440;Oferta publicada;Agua, luz y pavimento;Hasta 500 m2;BOLIVIA;COCHABAMBA;358;COCHABAMBA;2035,19
2016;2016-02-09;100175;Oferta publicada;Agua, luz y pavimento;Hasta 500 m2;BOLIVIA;COCHABAMBA;1003;COCHABAMBA;904
2016;2016-02-09;100175;Oferta publicada;Agua, luz y pavimento;Hasta 500 m2;BOLIVIA;COCHABAMBA;1145;COCHABAMBA;1167
2016;2016-02-09;100175;Oferta publicada;Agua, luz y pavimento;Hasta 500 m2;BOLIVIA;COCHABAMBA;750;COCHABAMBA;1828
2016;2016-02-09;100175;Oferta publicada;Agua, luz y pavimento;Hasta 500 m2;BOLIVIA;COCHABAMBA;590;COCHABAMBA;4011
2016;2016-02-09;100175;Oferta publicada;Agua, luz y pavimento;Hasta 500 m2;BOLIVIA;COCHABAMBA;185;COCHABAMBA;4622
2016;2016-02-24;100210;Oferta publicada;Agua, luz y pavimento;De 2.000 a 10.000 m2;BOLIVIA;COCHABAMBA;1200;COCHABAMBA;815
2016;2016-02-24;100210;Oferta publicada;Agua, luz y pavimento;De 2.000 a 10.000 m2;BOLIVIA;COCHABAMBA;300;COCHABAMBA;4293
2016;2016-02-24;100210;Oferta publicada;Agua, luz y pavimento;De 500 a 2.000 m2;BOLIVIA;COCHABAMBA;361;COCHABAMBA;3714
2016;2016-03-14;102472;Oferta publicada;Agua y luz;Hasta 500 m2;BOLIVIA;COCHABAMBA;250;COCHABAMBA;4352
2016;2016-03-14;102472;Oferta publicada;Agua, luz y pavimento;De 500 a 2.000 m2;BOLIVIA;COCHABAMBA;875;COCHABAMBA;4610
2016;2016-03-30;103542;Oferta publicada;Agua, luz y pavimento;Hasta 500 m2;BOLIVIA;COCHABAMBA;820;COCHABAMBA;740
2016;2016-03-30;103542;Oferta publicada;Agua, luz y pavimento;Hasta 500 m2;BOLIVIA;COCHABAMBA;360;COCHABAMBA;2669
2016;2016-03-30;103542;Oferta informada por oferente;Agua, luz y pavimento;De 500 a 2.000 m2;BOLIVIA;COCHABAMBA;430;COCHABAMBA;3337
2016;2016-03-30;103542;Oferta publicada;Agua y luz;Hasta 500 m2;BOLIVIA;COCHABAMBA;80;COCHABAMBA;5166
2016;2016-03-30;103542;Oferta publicada;Agua, luz y pavimento;De 500 a 2.000 m2;BOLIVIA;COCHABAMBA;160;COCHABAMBA;4771
2016;2016-02-09;100175;Oferta publicada;Agua, luz y pavimento;Hasta 500 m2;BOLIVIA;COCHABAMBA;360;COCHABAMBA;4029
2016;2016-02-24;100210;Oferta publicada;Agua, luz y pavimento;Hasta 500 m2;BOLIVIA;COCHABAMBA;157;COCHABAMBA;5060
2016;2016-02-24;100210;Oferta publicada;Agua, luz y pavimento;Hasta 500 m2;BOLIVIA;COCHABAMBA;47;COCHABAMBA;6438
2016;2016-03-30;103542;Oferta informada por oferente;Agua y luz;Hasta 500 m2;BOLIVIA;COCHABAMBA;208;COCHABAMBA;7238
2016;2016-03-14;102472;Oferta publicada;Agua y luz;Hasta 500 m2;BOLIVIA;COCHABAMBA;115;QUILLACOLLO;1901
2016;2016-03-15;102472;Oferta publicada;Agua y luz;De 2.000 a 10.000 m2;BOLIVIA;COCHABAMBA;39;QUILLACOLLO;3563
2016;2016-03-14;102472;Oferta publicada;Agua, luz y pavimento;Hasta 500 m2;BOLIVIA;COCHABAMBA;132;SACABA;5647
2016;2016-03-14;102472;Oferta informada por oferente;Agua y luz;De 500 a 2.000 m2;BOLIVIA;COCHABAMBA;60;COCHABAMBA;1022
2016;2016-03-14;102472;Oferta publicada;Agua y luz;Hasta 500 m2;BOLIVIA;COCHABAMBA;75;COCHABAMBA;1030
2016;2016-03-15;102472;Oferta publicada;Agua y luz;De 500 a 2.000 m2;BOLIVIA;COCHABAMBA;100;COCHABAMBA;1240
2016;2016-03-15;102472;Oferta publicada;Agua y luz;De 2.000 a 10.000 m2;BOLIVIA;COCHABAMBA;35;COCHABAMBA;1100
2016;2016-03-30;103542;Oferta informada por oferente;Agua, luz y pavimento;De 500 a 2.000 m2;BOLIVIA;COCHABAMBA;170;COCHABAMBA;4830
2016;2016-02-09;100175;Oferta publicada;Agua, luz y pavimento;De 500 a 2.000 m2;BOLIVIA;COCHABAMBA;371;QUILLACOLLO;5800
2016;2016-02-24;100210;Oferta publicada;Agua, luz y pavimento;De 2.000 a 10.000 m2;BOLIVIA;COCHABAMBA;230;QUILLACOLLO;3600
2016;2016-03-30;103542;Oferta publicada;Agua y luz;Hasta 500 m2;BOLIVIA;COCHABAMBA;165;COLCAPIRHUA;3098
2016;2016-03-30;103542;Oferta publicada;Agua y luz;Hasta 500 m2;BOLIVIA;COCHABAMBA;180;QUILLACOLLO;6100
2016;2016-03-30;103542;Oferta publicada;Agua y luz;Hasta 500 m2;BOLIVIA;COCHABAMBA;256;QUILLACOLLO;4000
2016;2016-03-30;103542;Oferta publicada;Agua y luz;De 500 a 2.000 m2;BOLIVIA;COCHABAMBA;45;QUILLACOLLO;3500
2016;2016-02-24;100210;Oferta publicada;Agua y luz;De 2.000 a 10.000 m2;BOLIVIA;COCHABAMBA;18;QUILLACOLLO;6000
2016;2016-03-14;102472;Oferta publicada;Agua y luz;Hasta 500 m2;BOLIVIA;COCHABAMBA;80;QUILLACOLLO;1749
2016;2016-02-24;100210;Oferta publicada;Agua, luz y pavimento;De 500 a 2.000 m2;BOLIVIA;COCHABAMBA;190;COCHABAMBA;4553
2016;2016-03-30;103542;Oferta informada por oferente;Agua, luz y pavimento;De 500 a 2.000 m2;BOLIVIA;COCHABAMBA;310;COCHABAMBA;6300
2016;2016-03-14;102472;Oferta publicada;Agua, luz y pavimento;De 500 a 2.000 m2;BOLIVIA;COCHABAMBA;365;QUILLACOLLO;9445
2016;2016-03-30;103542;Oferta informada por oferente;Agua y luz;De 2.000 a 10.000 m2;BOLIVIA;COCHABAMBA;63;QUILLACOLLO;8000
;;;;;;;;;;
;;;;;;;;;;
;;;;;;;;;;
;;;;;;;;;;
;;;;;;;;;;
;;;;;;;;;;
;;;;;;;;;;
;;;;;;;;;;
;;;;;;;;;;
;;;;;;;;;;
;;;;;;;;;;
;;;;;;;;;;
;;;;;;;;;;
;;;;;;;;;;
;;;;;;;;;;
;;;;;;;;;;
;;;;;;;;;;
;;;;;;;;;;
;;;;;;;;;;
;;;;;;;;;;
;;;;;;;;;;
;;;;;;;;;;
;;;;;;;;;;
;;;;;;;;;;
;;;;;;;;;;
;;;;;;;;;;
;;;;;;;;;;
;;;;;;;;;;
;;;;;;;;;;
;;;;;;;;;;
;;;;;;;;;;
;;;;;;;;;;
;;;;;;;;;;
;;;;;;;;;;
;;;;;;;;;;
;;;;;;;;;;
;;;;;;;;;;
;;;;;;;;;;
;;;;;;;;;;
;;;;;;;;;;
;;;;;;;;;;
;;;;;;;;;;
;;;;;;;;;;
;;;;;;;;;;
;;;;;;;;;;
;;;;;;;;;;
;;;;;;;;;;
;;;;;;;;;;
;;;;;;;;;;
;;;;;;;;;;
;;;;;;;;;;
;;;;;;;;;;
;;;;;;;;;;
;;;;;;;;;;
;;;;;;;;;;
;;;;;;;;;;
;;;;;;;;;;
;;;;;;;;;;
;;;;;;;;;;
;;;;;;;;;;
;;;;;;;;;;
;;;;;;;;;;
;;;;;;;;;;
;;;;;;;;;;
;;;;;;;;;;
;;;;;;;;;;
;;;;;;;;;;
;;;;;;;;;;
;;;;;;;;;;
;;;;;;;;;;
;;;;;;;;;;
;;;;;;;;;;
;;;;;;;;;;
;;;;;;;;;;
;;;;;;;;;;
;;;;;;;;;;
;;;;;;;;;;
;;;;;;;;;;
;;;;;;;;;;
;;;;;;;;;;
;;;;;;;;;;
;;;;;;;;;;
;;;;;;;;;;
;;;;;;;;;;
;;;;;;;;;;
;;;;;;;;;;
;;;;;;;;;;
;;;;;;;;;;
;;;;;;;;;;
;;;;;;;;;;
;;;;;;;;;;
;;;;;;;;;;
;;;;;;;;;;
;;;;;;;;;;
;;;;;;;;;;
;;;;;;;;;;
;;;;;;;;;;
;;;;;;;;;;
;;;;;;;;;;
;;;;;;;;;;
;;;;;;;;;;
;;;;;;;;;;
;;;;;;;;;;
;;;;;;;;;;
;;;;;;;;;;
;;;;;;;;;;
;;;;;;;;;;
;;;;;;;;;;
;;;;;;;;;;
;;;;;;;;;;
;;;;;;;;;;
;;;;;;;;;;
;;;;;;;;;;
;;;;;;;;;;
;;;;;;;;;;
;;;;;;;;;;
;;;;;;;;;;
;;;;;;;;;;
;;;;;;;;;;
;;;;;;;;;;
;;;;;;;;;;
;;;;;;;;;;
;;;;;;;;;;
;;;;;;;;;;
;;;;;;;;;;
;;;;;;;;;;
;;;;;;;;;;
;;;;;;;;;;
;;;;;;;;;;
;;;;;;;;;;
;;;;;;;;;;
;;;;;;;;;;
;;;;;;;;;;
;;;;;;;;;;
;;;;;;;;;;
;;;;;;;;;;
;;;;;;;;;;
;;;;;;;;;;
;;;;;;;;;;
;;;;;;;;;;
;;;;;;;;;;
;;;;;;;;;;
;;;;;;;;;;
;;;;;;;;;;
;;;;;;;;;;
;;;;;;;;;;
;;;;;;;;;;
;;;;;;;;;;
;;;;;;;;;;
;;;;;;;;;;
;;;;;;;;;;
;;;;;;;;;;
;;;;;;;;;;
;;;;;;;;;;
;;;;;;;;;;
;;;;;;;;;;
;;;;;;;;;;
;;;;;;;;;;
;;;;;;;;;;
;;;;;;;;;;
;;;;;;;;;;
;;;;;;;;;;
;;;;;;;;;;
;;;;;;;;;;
;;;;;;;;;;
;;;;;;;;;;
;;;;;;;;;;
;;;;;;;;;;
;;;;;;;;;;
;;;;;;;;;;
;;;;;;;;;;
;;;;;;;;;;
;;;;;;;;;;
;;;;;;;;;;
;;;;;;;;;;
;;;;;;;;;;
;;;;;;;;;;
;;;;;;;;;;
;;;;;;;;;;
;;;;;;;;;;
;;;;;;;;;;
;;;;;;;;;;
;;;;;;;;;;
;;;;;;;;;;
;;;;;;;;;;
;;;;;;;;;;
;;;;;;;;;;
;;;;;;;;;;
;;;;;;;;;;
;;;;;;;;;;
;;;;;;;;;;
;;;;;;;;;;
;;;;;;;;;;
;;;;;;;;;;
;;;;;;;;;;
;;;;;;;;;;
;;;;;;;;;;
;;;;;;;;;;
;;;;;;;;;;
;;;;;;;;;;
;;;;;;;;;;
;;;;;;;;;;
;;;;;;;;;;
;;;;;;;;;;
;;;;;;;;;;
;;;;;;;;;;
;;;;;;;;;;
;;;;;;;;;;
;;;;;;;;;;
;;;;;;;;;;
;;;;;;;;;;
;;;;;;;;;;
;;;;;;;;;;
;;;;;;;;;;
;;;;;;;;;;
;;;;;;;;;;
;;;;;;;;;;
;;;;;;;;;;
;;;;;;;;;;
;;;;;;;;;;
;;;;;;;;;;
;;;;;;;;;;
;;;;;;;;;;
;;;;;;;;;;
;;;;;;;;;;
;;;;;;;;;;
;;;;;;;;;;
;;;;;;;;;;
;;;;;;;;;;
;;;;;;;;;;
;;;;;;;;;;
;;;;;;;;;;
;;;;;;;;;;
;;;;;;;;;;